7:45 AM, 9:45 AM, CAD 163, Flair Airlines,Toronto, New York,
7:15 PM, 8:48 PM, CAD 234, Air Canada • Air Canada 8544 operated by Air Canada Express - Jazz,Toronto, New York,
6:10 PM, 7:43 PM, CAD 234, Air Canada • Air Canada 8996 operated by Air Canada Express - Jazz,Toronto, New York,
8:55 PM, 10:28 PM, CAD 234, Air Canada,Toronto, New York,
3:15 PM, 4:48 PM, CAD 253, Air Canada • Air Canada 8992 operated by Air Canada Express - Jazz,Toronto, New York,
7:45 AM, 9:45 AM, CAD 163, Flair Airlines,Toronto, New York,
7:15 PM, 8:48 PM, CAD 234, Air Canada • Air Canada 8544 operated by Air Canada Express - Jazz,Toronto, New York,
6:10 PM, 7:43 PM, CAD 234, Air Canada • Air Canada 8996 operated by Air Canada Express - Jazz,Toronto, New York,
8:55 PM, 10:28 PM, CAD 234, Air Canada,Toronto, New York,
3:15 PM, 4:48 PM, CAD 253, Air Canada • Air Canada 8992 operated by Air Canada Express - Jazz,Toronto, New York,
7:45 AM, 9:45 AM, CAD 163, Flair Airlines,Toronto, New York,
7:15 PM, 8:48 PM, CAD 234, Air Canada • Air Canada 8544 operated by Air Canada Express - Jazz,Toronto, New York,
6:10 PM, 7:43 PM, CAD 234, Air Canada • Air Canada 8996 operated by Air Canada Express - Jazz,Toronto, New York,
8:55 PM, 10:28 PM, CAD 234, Air Canada,Toronto, New York,
3:15 PM, 4:48 PM, CAD 253, Air Canada • Air Canada 8992 operated by Air Canada Express - Jazz,Toronto, New York,
7:45 AM, 9:45 AM, CAD 163, Flair Airlines,Toronto, New York,
7:15 PM, 8:48 PM, CAD 234, Air Canada • Air Canada 8544 operated by Air Canada Express - Jazz,Toronto, New York,
6:10 PM, 7:43 PM, CAD 234, Air Canada • Air Canada 8996 operated by Air Canada Express - Jazz,Toronto, New York,
8:55 PM, 10:28 PM, CAD 234, Air Canada,Toronto, New York,
3:15 PM, 4:48 PM, CAD 253, Air Canada • Air Canada 8992 operated by Air Canada Express - Jazz,Toronto, New York,
7:45 AM, 9:45 AM, CAD 163, Flair Airlines,Toronto, New York,
7:15 PM, 8:48 PM, CAD 234, Air Canada • Air Canada 8544 operated by Air Canada Express - Jazz,Toronto, New York,
6:10 PM, 7:43 PM, CAD 234, Air Canada • Air Canada 8996 operated by Air Canada Express - Jazz,Toronto, New York,
8:55 PM, 10:28 PM, CAD 234, Air Canada,Toronto, New York,
3:15 PM, 4:48 PM, CAD 253, Air Canada • Air Canada 8992 operated by Air Canada Express - Jazz,Toronto, New York,
11:00 PM, 3:55 PM+1, CAD 625, Icelandair,Toronto,Paris,
11:00 PM, 3:55 PM+1, CAD 625, Icelandair,Toronto,Paris,
9:10 PM, 10:35 AM+1, CAD 849, Porter Airlines • Porter Airlines 7188 operated by Air Transat,Toronto,Paris,
8:45 PM, 10:10 AM+1, CAD 1106, Air Canada,Toronto,Paris,
11:30 PM, 1:00 PM+1, CAD 1041, Delta • Delta 8661 operated by Air France,Toronto,Paris,
11:00 PM, 3:55 PM+1, CAD 625, Icelandair,Toronto,Paris,
11:00 PM, 3:55 PM+1, CAD 625, Icelandair,Toronto,Paris,
9:10 PM, 10:35 AM+1, CAD 849, Porter Airlines • Porter Airlines 7188 operated by Air Transat,Toronto,Paris,
8:45 PM, 10:10 AM+1, CAD 1106, Air Canada,Toronto,Paris,
11:30 PM, 1:00 PM+1, CAD 1041, Delta • Delta 8661 operated by Air France,Toronto,Paris,
11:00 PM, 3:55 PM+1, CAD 625, Icelandair,Toronto,Paris,
11:00 PM, 3:55 PM+1, CAD 625, Icelandair,Toronto,Paris,
9:10 PM, 10:35 AM+1, CAD 849, Porter Airlines • Porter Airlines 7188 operated by Air Transat,Toronto,Paris,
8:45 PM, 10:10 AM+1, CAD 1106, Air Canada,Toronto,Paris,
11:30 PM, 1:00 PM+1, CAD 1041, Delta • Delta 8661 operated by Air France,Toronto,Paris,
6:15 PM, 7:40 AM+1, CAD 1076, Air France,Toronto,Paris,
11:15 PM, 7:45 AM+2, CAD 739, Air Transat • Air Transat 7805 operated by Porter Airlines,Toronto,Paris,
4:40 PM, 10:20 AM+1, CAD 847, Porter Airlines • Porter Airlines 7461 and 7110 operated by Air Transat,Toronto,Paris,
4:35 PM, 10:20 AM+1, CAD 847, Porter Airlines • Porter Airlines 7110 operated by Air Transat,Toronto,Paris,
9:50 AM, 7:45 AM+1, CAD 854, Air Transat • Air Transat 7803 operated by Porter Airlines,Toronto,Paris,
7:30 PM, 7:45 AM+2, CAD 739, Air Transat,Toronto,Paris,
9:50 AM, 10:20 AM+1, CAD 854, Air Transat • Air Transat 7803 operated by Porter Airlines,Toronto,Paris,
7:00 AM, 10:20 AM+1, CAD 854, Air Transat • Air Transat 7801 operated by Porter Airlines,Toronto,Paris,
7:00 AM, 7:45 AM+1, CAD 854, Air Transat • Air Transat 7801 operated by Porter Airlines,Toronto,Paris,
5:30 PM, 9:30 AM+1, CAD 1014, Aer Lingus,Toronto,Paris,
4:40 PM, 10:45 AM+1, CAD 1074, ITA Airways,Toronto,Paris,
11:15 PM, 10:20 AM+2, CAD 794, Air Transat • Air Transat 7805 operated by Porter Airlines,Toronto,Paris,
7:50 PM, 1:40 PM+1, CAD 946, Multiple airlines,Toronto,Paris,
5:30 PM, 10:50 AM+1, CAD 1014, Aer Lingus,Toronto,Paris,
4:00 PM, 7:05 AM+1, CAD 1261, Multiple airlines • Lufthansa 6809 operated by Air Canada,Toronto,Paris,
12:30 PM, 6:15 AM+1, CAD 1228, Multiple airlines • WestJet 6300 operated by Skywest DBA Delta Connection,Toronto,Paris,
4:00 PM, 7:05 AM+1, CAD 1096, Lufthansa • Lufthansa 6581 and 6809 operated by Air Canada,Toronto,Paris,
5:58 PM, 10:50 AM+1, CAD 1080, Delta • Delta 3772 operated by Skywest DBA Delta Connection, Delta 8573 operated by Air France,Toronto,Paris
6:00 PM, 10:20 AM+1, CAD 1106, Air Canada,Toronto,Paris,
7:50 PM, 6:35 PM+1, CAD 946, Multiple airlines,Toronto,Paris,
11:00 PM, 3:55 PM+1, CAD 625, Icelandair,Toronto,Paris,
11:00 PM, 3:55 PM+1, CAD 625, Icelandair,Toronto,Paris,
9:10 PM, 10:35 AM+1, CAD 849, Porter Airlines • Porter Airlines 7188 operated by Air Transat,Toronto,Paris,
8:45 PM, 10:10 AM+1, CAD 1106, Air Canada,Toronto,Paris,
11:30 PM, 1:00 PM+1, CAD 1041, Delta • Delta 8661 operated by Air France,Toronto,Paris,
6:15 PM, 7:40 AM+1, CAD 1076, Air France,Toronto,Paris,
11:15 PM, 7:45 AM+2, CAD 739, Air Transat • Air Transat 7805 operated by Porter Airlines,Toronto,Paris,
4:40 PM, 10:20 AM+1, CAD 847, Porter Airlines • Porter Airlines 7461 and 7110 operated by Air Transat,Toronto,Paris,
4:35 PM, 10:20 AM+1, CAD 847, Porter Airlines • Porter Airlines 7110 operated by Air Transat,Toronto,Paris,
9:50 AM, 7:45 AM+1, CAD 854, Air Transat • Air Transat 7803 operated by Porter Airlines,Toronto,Paris,
7:30 PM, 7:45 AM+2, CAD 739, Air Transat,Toronto,Paris,
9:50 AM, 10:20 AM+1, CAD 854, Air Transat • Air Transat 7803 operated by Porter Airlines,Toronto,Paris,
7:00 AM, 10:20 AM+1, CAD 854, Air Transat • Air Transat 7801 operated by Porter Airlines,Toronto,Paris,
7:00 AM, 7:45 AM+1, CAD 854, Air Transat • Air Transat 7801 operated by Porter Airlines,Toronto,Paris,
5:30 PM, 9:30 AM+1, CAD 1014, Aer Lingus,Toronto,Paris,
4:40 PM, 10:45 AM+1, CAD 1074, ITA Airways,Toronto,Paris,
11:15 PM, 10:20 AM+2, CAD 794, Air Transat • Air Transat 7805 operated by Porter Airlines,Toronto,Paris,
7:50 PM, 1:40 PM+1, CAD 946, Multiple airlines,Toronto,Paris,
5:30 PM, 10:50 AM+1, CAD 1014, Aer Lingus,Toronto,Paris,
4:00 PM, 7:05 AM+1, CAD 1261, Multiple airlines • Lufthansa 6809 operated by Air Canada,Toronto,Paris,
12:30 PM, 6:15 AM+1, CAD 1228, Multiple airlines • WestJet 6300 operated by Skywest DBA Delta Connection,Toronto,Paris,
4:00 PM, 7:05 AM+1, CAD 1096, Lufthansa • Lufthansa 6581 and 6809 operated by Air Canada,Toronto,Paris,
5:58 PM, 10:50 AM+1, CAD 1080, Delta • Delta 3772 operated by Skywest DBA Delta Connection, Delta 8573 operated by Air France,Toronto,Paris
6:00 PM, 10:20 AM+1, CAD 1106, Air Canada,Toronto,Paris,
7:50 PM, 6:35 PM+1, CAD 946, Multiple airlines,Toronto,Paris,
11:00 PM, 3:55 PM+1, CAD 625, Icelandair,Toronto,Paris,
11:00 PM, 3:55 PM+1, CAD 625, Icelandair,Toronto,Paris,
9:10 PM, 10:35 AM+1, CAD 849, Porter Airlines • Porter Airlines 7188 operated by Air Transat,Toronto,Paris,
8:45 PM, 10:10 AM+1, CAD 1106, Air Canada,Toronto,Paris,
11:30 PM, 1:00 PM+1, CAD 1041, Delta • Delta 8661 operated by Air France,Toronto,Paris,
6:15 PM, 7:40 AM+1, CAD 1076, Air France,Toronto,Paris,
11:15 PM, 7:45 AM+2, CAD 739, Air Transat • Air Transat 7805 operated by Porter Airlines,Toronto,Paris,
4:40 PM, 10:20 AM+1, CAD 847, Porter Airlines • Porter Airlines 7461 and 7110 operated by Air Transat,Toronto,Paris,
4:35 PM, 10:20 AM+1, CAD 847, Porter Airlines • Porter Airlines 7110 operated by Air Transat,Toronto,Paris,
9:50 AM, 7:45 AM+1, CAD 854, Air Transat • Air Transat 7803 operated by Porter Airlines,Toronto,Paris,
7:30 PM, 7:45 AM+2, CAD 739, Air Transat,Toronto,Paris,
9:50 AM, 10:20 AM+1, CAD 854, Air Transat • Air Transat 7803 operated by Porter Airlines,Toronto,Paris,
7:00 AM, 10:20 AM+1, CAD 854, Air Transat • Air Transat 7801 operated by Porter Airlines,Toronto,Paris,
7:00 AM, 7:45 AM+1, CAD 854, Air Transat • Air Transat 7801 operated by Porter Airlines,Toronto,Paris,
5:30 PM, 9:30 AM+1, CAD 1014, Aer Lingus,Toronto,Paris,
4:40 PM, 10:45 AM+1, CAD 1074, ITA Airways,Toronto,Paris,
11:15 PM, 10:20 AM+2, CAD 794, Air Transat • Air Transat 7805 operated by Porter Airlines,Toronto,Paris,
7:50 PM, 1:40 PM+1, CAD 946, Multiple airlines,Toronto,Paris,
5:30 PM, 10:50 AM+1, CAD 1014, Aer Lingus,Toronto,Paris,
4:00 PM, 7:05 AM+1, CAD 1261, Multiple airlines • Lufthansa 6809 operated by Air Canada,Toronto,Paris,
12:30 PM, 6:15 AM+1, CAD 1228, Multiple airlines • WestJet 6300 operated by Skywest DBA Delta Connection,Toronto,Paris,
4:00 PM, 7:05 AM+1, CAD 1096, Lufthansa • Lufthansa 6581 and 6809 operated by Air Canada,Toronto,Paris,
5:58 PM, 10:50 AM+1, CAD 1080, Delta • Delta 3772 operated by Skywest DBA Delta Connection, Delta 8573 operated by Air France,Toronto,Paris
6:00 PM, 10:20 AM+1, CAD 1106, Air Canada,Toronto,Paris,
7:50 PM, 6:35 PM+1, CAD 946, Multiple airlines,Toronto,Paris,
11:00 PM, 11:55 AM+2, CAD 679, Icelandair,Toronto,London,
9:30 PM, 9:35 AM+1, CAD 1045, Lufthansa • Lufthansa 6583 operated by Air Canada,Toronto,London,
8:30 PM, 8:35 AM+1, CAD 1045, Lufthansa • Lufthansa 6585 operated by Air Canada,Toronto,London,
9:55 PM, 10:10 AM+1, CAD 1191, British Airways,Toronto,London,
11:40 PM, 11:50 AM+1, CAD 1045, Lufthansa • Lufthansa 6559 operated by Air Canada,Toronto,London,
11:00 PM, 11:55 AM+2, CAD 679, Icelandair,Toronto,London,
9:30 PM, 9:35 AM+1, CAD 1045, Lufthansa • Lufthansa 6583 operated by Air Canada,Toronto,London,
8:30 PM, 8:35 AM+1, CAD 1045, Lufthansa • Lufthansa 6585 operated by Air Canada,Toronto,London,
9:55 PM, 10:10 AM+1, CAD 1191, British Airways,Toronto,London,
11:40 PM, 11:50 AM+1, CAD 1045, Lufthansa • Lufthansa 6559 operated by Air Canada,Toronto,London,
11:00 PM, 11:55 AM+2, CAD 679, Icelandair,Toronto,London,
9:30 PM, 9:35 AM+1, CAD 1045, Lufthansa • Lufthansa 6583 operated by Air Canada,Toronto,London,
8:30 PM, 8:35 AM+1, CAD 1045, Lufthansa • Lufthansa 6585 operated by Air Canada,Toronto,London,
9:55 PM, 10:10 AM+1, CAD 1191, British Airways,Toronto,London,
11:40 PM, 11:50 AM+1, CAD 1045, Lufthansa • Lufthansa 6559 operated by Air Canada,Toronto,London,
11:00 PM, 11:55 AM+2, CAD 679, Icelandair,Toronto,London,
9:30 PM, 9:35 AM+1, CAD 1045, Lufthansa • Lufthansa 6583 operated by Air Canada,Toronto,London,
8:30 PM, 8:35 AM+1, CAD 1045, Lufthansa • Lufthansa 6585 operated by Air Canada,Toronto,London,
9:55 PM, 10:10 AM+1, CAD 1191, British Airways,Toronto,London,
11:40 PM, 11:50 AM+1, CAD 1045, Lufthansa • Lufthansa 6559 operated by Air Canada,Toronto,London,
6:25 PM, 6:35 AM+1, CAD 1043, Lufthansa • Lufthansa 6589 operated by Air Canada,Toronto,London,
11:00 PM, 11:55 AM+2, CAD 679, Icelandair,Toronto,London,
11:00 PM, 10:55 PM+1, CAD 797, TAP Portugal,Toronto,London,
6:20 PM, 6:30 AM+1, CAD 3238, British Airways,Toronto,London,
8:00 PM, 10:00 AM+1, CAD 1055, Air Canada,Toronto,London,
5:30 PM, 8:00 AM+1, CAD 1004, Aer Lingus,Toronto,London,
3:55 PM, 6:40 AM+1, CAD 1029, American Airlines • American Airlines 5884 operated by Piedmont Airlines As American Eagle, American Airlines 6911 operated by British Airways,Toronto,London
3:55 PM, 6:40 AM+1, CAD 1029, Multiple airlines • American Airlines 5884 operated by Piedmont Airlines As American Eagle,Toronto,London,
3:55 PM, 6:40 AM+1, CAD 1048, Multiple airlines • American Airlines 5884 operated by Piedmont Airlines As American Eagle, Iberia 7324 operated by British Airways,Toronto,London
5:30 PM, 9:05 AM+1, CAD 1004, Aer Lingus,Toronto,London,
4:30 PM, 8:05 AM+1, CAD 1029, Delta • Delta 5081 operated by Endeavor Air DBA Delta Connection,Toronto,London,
6:45 AM, 9:00 PM, CAD 1055, Air Canada,Toronto,London,
5:30 PM, 10:20 AM+1, CAD 1004, Aer Lingus,Toronto,London,
6:00 PM, 10:00 AM+1, CAD 1055, Air Canada,Toronto,London,
7:43 PM, 10:40 AM+1, CAD 1094, Air Canada • Air Canada 3904 operated by Republic Airways/United Express, Air Canada 5350 operated by United,Toronto,London
10:40 PM, 1:50 PM+1, CAD 1064, KLM • KLM 1009 operated by KLM Cityhopper,Toronto,London,
10:44 AM, 6:20 AM+1, CAD 1032, Iberia • Iberia 4395 operated by Republic For American Airlines, Iberia 4218 operated by American Airlines,Toronto,London
4:00 PM, 6:30 AM+1, CAD 1043, Lufthansa • Lufthansa 6581 and 6839 operated by Air Canada,Toronto,London,
7:50 PM, 11:45 AM+1, CAD 1094, United • United 8293 operated by Air Canada,Toronto,London,
12:30 PM, 6:45 AM+1, CAD 1029, Delta • Delta 3993 operated by Skywest DBA Delta Connection,Toronto,London,
11:00 PM, 11:55 AM+2, CAD 679, Icelandair,Toronto,London,
9:30 PM, 9:35 AM+1, CAD 1045, Lufthansa • Lufthansa 6583 operated by Air Canada,Toronto,London,
8:30 PM, 8:35 AM+1, CAD 1045, Lufthansa • Lufthansa 6585 operated by Air Canada,Toronto,London,
9:55 PM, 10:10 AM+1, CAD 1191, British Airways,Toronto,London,
11:40 PM, 11:50 AM+1, CAD 1045, Lufthansa • Lufthansa 6559 operated by Air Canada,Toronto,London,
6:25 PM, 6:35 AM+1, CAD 1043, Lufthansa • Lufthansa 6589 operated by Air Canada,Toronto,London,
11:00 PM, 11:55 AM+2, CAD 679, Icelandair,Toronto,London,
11:00 PM, 10:55 PM+1, CAD 797, TAP Portugal,Toronto,London,
6:20 PM, 6:30 AM+1, CAD 3238, British Airways,Toronto,London,
8:00 PM, 10:00 AM+1, CAD 1055, Air Canada,Toronto,London,
5:30 PM, 8:00 AM+1, CAD 1004, Aer Lingus,Toronto,London,
3:55 PM, 6:40 AM+1, CAD 1029, American Airlines • American Airlines 5884 operated by Piedmont Airlines As American Eagle, American Airlines 6911 operated by British Airways,Toronto,London
3:55 PM, 6:40 AM+1, CAD 1029, Multiple airlines • American Airlines 5884 operated by Piedmont Airlines As American Eagle,Toronto,London,
3:55 PM, 6:40 AM+1, CAD 1048, Multiple airlines • American Airlines 5884 operated by Piedmont Airlines As American Eagle, Iberia 7324 operated by British Airways,Toronto,London
5:30 PM, 9:05 AM+1, CAD 1004, Aer Lingus,Toronto,London,
4:30 PM, 8:05 AM+1, CAD 1029, Delta • Delta 5081 operated by Endeavor Air DBA Delta Connection,Toronto,London,
6:45 AM, 9:00 PM, CAD 1055, Air Canada,Toronto,London,
5:30 PM, 10:20 AM+1, CAD 1004, Aer Lingus,Toronto,London,
6:00 PM, 10:00 AM+1, CAD 1055, Air Canada,Toronto,London,
7:43 PM, 10:40 AM+1, CAD 1094, Air Canada • Air Canada 3904 operated by Republic Airways/United Express, Air Canada 5350 operated by United,Toronto,London
10:40 PM, 1:50 PM+1, CAD 1064, KLM • KLM 1009 operated by KLM Cityhopper,Toronto,London,
10:44 AM, 6:20 AM+1, CAD 1032, Iberia • Iberia 4395 operated by Republic For American Airlines, Iberia 4218 operated by American Airlines,Toronto,London
4:00 PM, 6:30 AM+1, CAD 1043, Lufthansa • Lufthansa 6581 and 6839 operated by Air Canada,Toronto,London,
7:50 PM, 11:45 AM+1, CAD 1094, United • United 8293 operated by Air Canada,Toronto,London,
12:30 PM, 6:45 AM+1, CAD 1029, Delta • Delta 3993 operated by Skywest DBA Delta Connection,Toronto,London,
2:15 PM, 6:40 PM, CAD 1404, Emirates,Dubai,London,
11:25 AM, 4:10 PM, CAD 1509, Emirates,Dubai,London,
10:20 AM, 3:05 PM, CAD 1509, Emirates,Dubai,London,
9:40 AM, 2:25 PM, CAD 1509, Emirates,Dubai,London,
3:45 PM, 8:15 PM, CAD 1509, Emirates,Dubai,London,
2:15 PM, 6:40 PM, CAD 1404, Emirates,Dubai,London,
11:25 AM, 4:10 PM, CAD 1509, Emirates,Dubai,London,
10:20 AM, 3:05 PM, CAD 1509, Emirates,Dubai,London,
9:40 AM, 2:25 PM, CAD 1509, Emirates,Dubai,London,
3:45 PM, 8:15 PM, CAD 1509, Emirates,Dubai,London,
2:15 PM, 6:40 PM, CAD 1404, Emirates,Dubai,London,
11:25 AM, 4:10 PM, CAD 1509, Emirates,Dubai,London,
10:20 AM, 3:05 PM, CAD 1509, Emirates,Dubai,London,
9:40 AM, 2:25 PM, CAD 1509, Emirates,Dubai,London,
3:45 PM, 8:15 PM, CAD 1509, Emirates,Dubai,London,
7:45 AM, 12:25 PM, CAD 1509, Emirates,Dubai,London,
2:30 AM, 7:05 AM, CAD 1509, Emirates,Dubai,London,
4:45 AM, 2:45 PM, CAD 846, Kuwait Airways,Dubai,London,
4:45 AM, 4:05 PM, CAD 846, Kuwait Airways,Dubai,London,
1:10 PM, 9:05 PM, CAD 1012, Azerbaijan Airlines,Dubai,London,
9:20 AM, 2:10 PM, CAD 3246, British Airways,Dubai,London,
7:10 PM, 6:55 AM+1, CAD 993, Gulf Air,Dubai,London,
5:00 PM, 6:55 AM+1, CAD 993, Gulf Air,Dubai,London,
1:25 AM, 6:15 AM, CAD 3246, British Airways,Dubai,London,
1:15 AM, 7:55 AM, CAD 1167, Swiss International Air Lines,Dubai,London,
3:25 AM, 12:45 PM, CAD 1087, Flight + Bus,Dubai,London,
12:55 AM, 7:40 AM, CAD 1194, KLM,Dubai,London,
11:35 PM, 3:20 PM+1, CAD 993, Gulf Air,Dubai,London,
7:30 AM, 4:50 PM, CAD 1174, Royal Air Maroc • Royal Air Maroc 9901 operated by Emirates,Dubai,London,
8:00 AM, 3:20 PM, CAD 1290, Gulf Air,Dubai,London,
7:30 AM, 5:45 PM, CAD 1174, Royal Air Maroc • Royal Air Maroc 9901 operated by Emirates,Dubai,London,
1:15 AM, 4:20 PM, CAD 1058, Swiss International Air Lines,Dubai,London,
11:35 PM, 6:55 AM+1, CAD 1290, Gulf Air,Dubai,London,
1:15 AM, 11:25 AM, CAD 1167, Swiss International Air Lines,Dubai,London,
11:45 AM, 6:00 PM, CAD 1575, Qatar Airways,Dubai,London,
2:15 PM, 6:40 PM, CAD 1404, Emirates,Dubai,London,
11:25 AM, 4:10 PM, CAD 1509, Emirates,Dubai,London,
10:20 AM, 3:05 PM, CAD 1509, Emirates,Dubai,London,
9:40 AM, 2:25 PM, CAD 1509, Emirates,Dubai,London,
3:45 PM, 8:15 PM, CAD 1509, Emirates,Dubai,London,
7:45 AM, 12:25 PM, CAD 1509, Emirates,Dubai,London,
2:30 AM, 7:05 AM, CAD 1509, Emirates,Dubai,London,
4:45 AM, 2:45 PM, CAD 846, Kuwait Airways,Dubai,London,
4:45 AM, 4:05 PM, CAD 846, Kuwait Airways,Dubai,London,
1:10 PM, 9:05 PM, CAD 1012, Azerbaijan Airlines,Dubai,London,
9:20 AM, 2:10 PM, CAD 3246, British Airways,Dubai,London,
7:10 PM, 6:55 AM+1, CAD 993, Gulf Air,Dubai,London,
5:00 PM, 6:55 AM+1, CAD 993, Gulf Air,Dubai,London,
1:25 AM, 6:15 AM, CAD 3246, British Airways,Dubai,London,
1:15 AM, 7:55 AM, CAD 1167, Swiss International Air Lines,Dubai,London,
3:25 AM, 12:45 PM, CAD 1087, Flight + Bus,Dubai,London,
12:55 AM, 7:40 AM, CAD 1194, KLM,Dubai,London,
11:35 PM, 3:20 PM+1, CAD 993, Gulf Air,Dubai,London,
7:30 AM, 4:50 PM, CAD 1174, Royal Air Maroc • Royal Air Maroc 9901 operated by Emirates,Dubai,London,
8:00 AM, 3:20 PM, CAD 1290, Gulf Air,Dubai,London,
7:30 AM, 5:45 PM, CAD 1174, Royal Air Maroc • Royal Air Maroc 9901 operated by Emirates,Dubai,London,
1:15 AM, 4:20 PM, CAD 1058, Swiss International Air Lines,Dubai,London,
11:35 PM, 6:55 AM+1, CAD 1290, Gulf Air,Dubai,London,
1:15 AM, 11:25 AM, CAD 1167, Swiss International Air Lines,Dubai,London,
11:45 AM, 6:00 PM, CAD 1575, Qatar Airways,Dubai,London,
2:15 PM, 6:40 PM, CAD 1404, Emirates,Dubai,London,
11:25 AM, 4:10 PM, CAD 1509, Emirates,Dubai,London,
10:20 AM, 3:05 PM, CAD 1509, Emirates,Dubai,London,
9:40 AM, 2:25 PM, CAD 1509, Emirates,Dubai,London,
3:45 PM, 8:15 PM, CAD 1509, Emirates,Dubai,London,
7:45 AM, 12:25 PM, CAD 1509, Emirates,Dubai,London,
2:30 AM, 7:05 AM, CAD 1509, Emirates,Dubai,London,
4:45 AM, 2:45 PM, CAD 846, Kuwait Airways,Dubai,London,
4:45 AM, 4:05 PM, CAD 846, Kuwait Airways,Dubai,London,
1:10 PM, 9:05 PM, CAD 1012, Azerbaijan Airlines,Dubai,London,
9:20 AM, 2:10 PM, CAD 3246, British Airways,Dubai,London,
7:10 PM, 6:55 AM+1, CAD 993, Gulf Air,Dubai,London,
5:00 PM, 6:55 AM+1, CAD 993, Gulf Air,Dubai,London,
1:25 AM, 6:15 AM, CAD 3246, British Airways,Dubai,London,
1:15 AM, 7:55 AM, CAD 1167, Swiss International Air Lines,Dubai,London,
3:25 AM, 12:45 PM, CAD 1087, Flight + Bus,Dubai,London,
12:55 AM, 7:40 AM, CAD 1194, KLM,Dubai,London,
11:35 PM, 3:20 PM+1, CAD 993, Gulf Air,Dubai,London,
7:30 AM, 4:50 PM, CAD 1174, Royal Air Maroc • Royal Air Maroc 9901 operated by Emirates,Dubai,London,
8:00 AM, 3:20 PM, CAD 1290, Gulf Air,Dubai,London,
7:30 AM, 5:45 PM, CAD 1174, Royal Air Maroc • Royal Air Maroc 9901 operated by Emirates,Dubai,London,
1:15 AM, 4:20 PM, CAD 1058, Swiss International Air Lines,Dubai,London,
11:35 PM, 6:55 AM+1, CAD 1290, Gulf Air,Dubai,London,
1:15 AM, 11:25 AM, CAD 1167, Swiss International Air Lines,Dubai,London,
11:45 AM, 6:00 PM, CAD 1575, Qatar Airways,Dubai,London,
10:30 AM, 6:10 PM, CAD 852, Turkish Airlines,Dubai,Paris,
7:35 AM, 3:10 PM, CAD 852, Turkish Airlines,Dubai,Paris,
2:40 PM, 8:00 PM, CAD 1426, Emirates,Dubai,Paris,
8:20 AM, 1:30 PM, CAD 1569, Emirates,Dubai,Paris,
4:05 AM, 9:25 AM, CAD 1426, Emirates,Dubai,Paris,
10:30 AM, 6:10 PM, CAD 852, Turkish Airlines,Dubai,Paris,
7:35 AM, 3:10 PM, CAD 852, Turkish Airlines,Dubai,Paris,
2:40 PM, 8:00 PM, CAD 1426, Emirates,Dubai,Paris,
8:20 AM, 1:30 PM, CAD 1569, Emirates,Dubai,Paris,
4:05 AM, 9:25 AM, CAD 1426, Emirates,Dubai,Paris,
10:30 AM, 6:10 PM, CAD 852, Turkish Airlines,Dubai,Paris,
7:35 AM, 3:10 PM, CAD 852, Turkish Airlines,Dubai,Paris,
2:40 PM, 8:00 PM, CAD 1426, Emirates,Dubai,Paris,
8:20 AM, 1:30 PM, CAD 1569, Emirates,Dubai,Paris,
4:05 AM, 9:25 AM, CAD 1426, Emirates,Dubai,Paris,
6:30 AM, 2:50 PM, CAD 825, Royal Jordanian,Dubai,Paris,
11:25 PM, 2:25 PM+1, CAD 807, Qatar Airways,Dubai,Paris,
11:20 PM, 2:25 PM+1, CAD 807, Qatar Airways,Dubai,Paris,
7:35 AM, 6:10 PM, CAD 852, Turkish Airlines,Dubai,Paris,
4:45 AM, 1:20 PM, CAD 843, Kuwait Airways,Dubai,Paris,
12:40 AM, 6:00 AM, CAD 1299, Air France,Dubai,Paris,
10:30 PM, 7:45 AM+1, CAD 880, Flight + Bus,Dubai,Paris,
10:05 PM, 7:45 AM+1, CAD 880, Flight + Bus,Dubai,Paris,
9:00 PM, 7:55 AM+1, CAD 883, Gulf Air,Dubai,Paris,
1:15 PM, 2:25 PM+1, CAD 810, Qatar Airways,Dubai,Paris,
7:35 AM, 4:55 PM, CAD 988, Turkish Airlines,Dubai,Paris,
1:45 PM, 10:30 PM, CAD 988, Turkish Airlines,Dubai,Paris,
7:05 PM, 7:45 AM+1, CAD 880, Flight + Bus,Dubai,Paris,
7:10 PM, 7:55 AM+1, CAD 883, Gulf Air,Dubai,Paris,
11:35 PM, 7:55 AM+1, CAD 962, Gulf Air,Dubai,Paris,
6:05 PM, 7:45 AM+1, CAD 880, Flight + Bus,Dubai,Paris,
11:20 PM, 8:55 PM+1, CAD 810, Qatar Airways,Dubai,Paris,
4:35 PM, 7:45 AM+1, CAD 880, Flight + Bus,Dubai,Paris,
5:00 PM, 7:55 AM+1, CAD 883, Gulf Air,Dubai,Paris,
10:30 AM, 10:30 PM, CAD 988, Turkish Airlines,Dubai,Paris,
10:30 AM, 6:10 PM, CAD 852, Turkish Airlines,Dubai,Paris,
7:35 AM, 3:10 PM, CAD 852, Turkish Airlines,Dubai,Paris,
2:40 PM, 8:00 PM, CAD 1426, Emirates,Dubai,Paris,
8:20 AM, 1:30 PM, CAD 1569, Emirates,Dubai,Paris,
4:05 AM, 9:25 AM, CAD 1426, Emirates,Dubai,Paris,
6:30 AM, 2:50 PM, CAD 825, Royal Jordanian,Dubai,Paris,
11:25 PM, 2:25 PM+1, CAD 807, Qatar Airways,Dubai,Paris,
11:20 PM, 2:25 PM+1, CAD 807, Qatar Airways,Dubai,Paris,
7:35 AM, 6:10 PM, CAD 852, Turkish Airlines,Dubai,Paris,
4:45 AM, 1:20 PM, CAD 843, Kuwait Airways,Dubai,Paris,
12:40 AM, 6:00 AM, CAD 1299, Air France,Dubai,Paris,
10:30 PM, 7:45 AM+1, CAD 880, Flight + Bus,Dubai,Paris,
10:05 PM, 7:45 AM+1, CAD 880, Flight + Bus,Dubai,Paris,
9:00 PM, 7:55 AM+1, CAD 883, Gulf Air,Dubai,Paris,
1:15 PM, 2:25 PM+1, CAD 810, Qatar Airways,Dubai,Paris,
7:35 AM, 4:55 PM, CAD 988, Turkish Airlines,Dubai,Paris,
1:45 PM, 10:30 PM, CAD 988, Turkish Airlines,Dubai,Paris,
7:05 PM, 7:45 AM+1, CAD 880, Flight + Bus,Dubai,Paris,
7:10 PM, 7:55 AM+1, CAD 883, Gulf Air,Dubai,Paris,
11:35 PM, 7:55 AM+1, CAD 962, Gulf Air,Dubai,Paris,
6:05 PM, 7:45 AM+1, CAD 880, Flight + Bus,Dubai,Paris,
11:20 PM, 8:55 PM+1, CAD 810, Qatar Airways,Dubai,Paris,
4:35 PM, 7:45 AM+1, CAD 880, Flight + Bus,Dubai,Paris,
5:00 PM, 7:55 AM+1, CAD 883, Gulf Air,Dubai,Paris,
10:30 AM, 10:30 PM, CAD 988, Turkish Airlines,Dubai,Paris,
10:30 AM, 6:10 PM, CAD 852, Turkish Airlines,Dubai,Paris,
7:35 AM, 3:10 PM, CAD 852, Turkish Airlines,Dubai,Paris,
2:40 PM, 8:00 PM, CAD 1426, Emirates,Dubai,Paris,
8:20 AM, 1:30 PM, CAD 1569, Emirates,Dubai,Paris,
4:05 AM, 9:25 AM, CAD 1426, Emirates,Dubai,Paris,
6:30 AM, 2:50 PM, CAD 825, Royal Jordanian,Dubai,Paris,
11:25 PM, 2:25 PM+1, CAD 807, Qatar Airways,Dubai,Paris,
11:20 PM, 2:25 PM+1, CAD 807, Qatar Airways,Dubai,Paris,
7:35 AM, 6:10 PM, CAD 852, Turkish Airlines,Dubai,Paris,
4:45 AM, 1:20 PM, CAD 843, Kuwait Airways,Dubai,Paris,
12:40 AM, 6:00 AM, CAD 1299, Air France,Dubai,Paris,
10:30 PM, 7:45 AM+1, CAD 880, Flight + Bus,Dubai,Paris,
10:05 PM, 7:45 AM+1, CAD 880, Flight + Bus,Dubai,Paris,
9:00 PM, 7:55 AM+1, CAD 883, Gulf Air,Dubai,Paris,
1:15 PM, 2:25 PM+1, CAD 810, Qatar Airways,Dubai,Paris,
7:35 AM, 4:55 PM, CAD 988, Turkish Airlines,Dubai,Paris,
1:45 PM, 10:30 PM, CAD 988, Turkish Airlines,Dubai,Paris,
7:05 PM, 7:45 AM+1, CAD 880, Flight + Bus,Dubai,Paris,
7:10 PM, 7:55 AM+1, CAD 883, Gulf Air,Dubai,Paris,
11:35 PM, 7:55 AM+1, CAD 962, Gulf Air,Dubai,Paris,
6:05 PM, 7:45 AM+1, CAD 880, Flight + Bus,Dubai,Paris,
11:20 PM, 8:55 PM+1, CAD 810, Qatar Airways,Dubai,Paris,
4:35 PM, 7:45 AM+1, CAD 880, Flight + Bus,Dubai,Paris,
5:00 PM, 7:55 AM+1, CAD 883, Gulf Air,Dubai,Paris,
10:30 AM, 10:30 PM, CAD 988, Turkish Airlines,Dubai,Paris,
8:30 AM, 2:25 PM, CAD 1833, Emirates,Dubai, New York,
9:40 AM, 7:25 PM, CAD 1122, Multiple airlines,Dubai, New York,
11:25 AM, 9:10 PM, CAD 1122, Multiple airlines,Dubai, New York,
9:40 AM, 9:10 PM, CAD 1122, Multiple airlines,Dubai, New York,
11:25 AM, 10:50 PM, CAD 1122, Multiple airlines,Dubai, New York,
8:30 AM, 2:25 PM, CAD 1833, Emirates,Dubai, New York,
9:40 AM, 7:25 PM, CAD 1122, Multiple airlines,Dubai, New York,
11:25 AM, 9:10 PM, CAD 1122, Multiple airlines,Dubai, New York,
9:40 AM, 9:10 PM, CAD 1122, Multiple airlines,Dubai, New York,
11:25 AM, 10:50 PM, CAD 1122, Multiple airlines,Dubai, New York,
8:30 AM, 2:25 PM, CAD 1833, Emirates,Dubai, New York,
9:40 AM, 7:25 PM, CAD 1122, Multiple airlines,Dubai, New York,
11:25 AM, 9:10 PM, CAD 1122, Multiple airlines,Dubai, New York,
9:40 AM, 9:10 PM, CAD 1122, Multiple airlines,Dubai, New York,
11:25 AM, 10:50 PM, CAD 1122, Multiple airlines,Dubai, New York,
8:30 AM, 2:25 PM, CAD 1833, Emirates,Dubai, New York,
9:40 AM, 7:25 PM, CAD 1122, Multiple airlines,Dubai, New York,
11:25 AM, 9:10 PM, CAD 1122, Multiple airlines,Dubai, New York,
9:40 AM, 9:10 PM, CAD 1122, Multiple airlines,Dubai, New York,
11:25 AM, 10:50 PM, CAD 1122, Multiple airlines,Dubai, New York,
8:30 AM, 2:25 PM, CAD 1833, Emirates,Dubai, New York,
11:35 PM, 6:30 AM+1, CAD 1710, United,Delhi, New York,
10:50 PM, 9:28 AM+1, CAD 1481, Air Canada • Air Canada 8540 operated by Air Canada Express - Jazz,Delhi, New York,
10:50 PM, 10:43 AM+1, CAD 1481, Air Canada • Air Canada 8984 operated by Air Canada Express - Jazz,Delhi, New York,
2:20 AM, 7:35 AM, CAD 1798, Air India,Delhi, New York,
10:50 PM, 1:28 PM+1, CAD 1481, Air Canada • Air Canada 8988 operated by Air Canada Express - Jazz,Delhi, New York,
11:35 PM, 6:30 AM+1, CAD 1710, United,Delhi, New York,
10:50 PM, 9:28 AM+1, CAD 1481, Air Canada • Air Canada 8540 operated by Air Canada Express - Jazz,Delhi, New York,
10:50 PM, 10:43 AM+1, CAD 1481, Air Canada • Air Canada 8984 operated by Air Canada Express - Jazz,Delhi, New York,
2:20 AM, 7:35 AM, CAD 1798, Air India,Delhi, New York,
10:50 PM, 1:28 PM+1, CAD 1481, Air Canada • Air Canada 8988 operated by Air Canada Express - Jazz,Delhi, New York,
11:35 PM, 6:30 AM+1, CAD 1710, United,Delhi, New York,
10:50 PM, 9:28 AM+1, CAD 1481, Air Canada • Air Canada 8540 operated by Air Canada Express - Jazz,Delhi, New York,
10:50 PM, 10:43 AM+1, CAD 1481, Air Canada • Air Canada 8984 operated by Air Canada Express - Jazz,Delhi, New York,
2:20 AM, 7:35 AM, CAD 1798, Air India,Delhi, New York,
10:50 PM, 1:28 PM+1, CAD 1481, Air Canada • Air Canada 8988 operated by Air Canada Express - Jazz,Delhi, New York,
11:35 PM, 6:30 AM+1, CAD 1710, United,Delhi, New York,
10:50 PM, 9:28 AM+1, CAD 1481, Air Canada • Air Canada 8540 operated by Air Canada Express - Jazz,Delhi, New York,
10:50 PM, 10:43 AM+1, CAD 1481, Air Canada • Air Canada 8984 operated by Air Canada Express - Jazz,Delhi, New York,
2:20 AM, 7:35 AM, CAD 1798, Air India,Delhi, New York,
10:50 PM, 1:28 PM+1, CAD 1481, Air Canada • Air Canada 8988 operated by Air Canada Express - Jazz,Delhi, New York,
11:35 PM, 6:30 AM+1, CAD 1710, United,Delhi, New York,
2:15 PM, 7:00 PM, CAD 2219, Air India,Delhi,London,
8:00 AM, 5:20 PM, CAD 974, LOT-Polish Airlines,Delhi,London,
10:05 AM, 3:15 PM, CAD 2451, British Airways,Delhi,London,
8:00 AM, 10:00 PM, CAD 865, LOT-Polish Airlines,Delhi,London,
6:45 AM, 11:30 AM, CAD 1849, Air India,Delhi,London,
2:15 PM, 7:00 PM, CAD 2219, Air India,Delhi,London,
3:10 PM, 8:25 PM, CAD 2139, Air India • Air India 6599 operated by Vistara,Delhi,London,
3:10 PM, 8:25 PM, CAD 2108, Vistara,Delhi,London,
2:45 AM, 7:30 AM, CAD 1849, Air India,Delhi,London,
8:00 AM, 9:20 AM+1, CAD 865, LOT-Polish Airlines,Delhi,London,
11:20 AM, 4:35 PM, CAD 2431, Virgin Atlantic,Delhi,London,
2:05 AM, 7:20 AM, CAD 2431, Virgin Atlantic,Delhi,London,
7:40 AM, 5:05 PM, CAD 1284, Finnair,Delhi,London,
11:40 AM, 9:05 PM, CAD 1320, Egyptair,Delhi,London,
7:40 AM, 9:10 AM+1, CAD 1103, Finnair,Delhi,London,
4:55 AM, 3:20 PM, CAD 1277, Gulf Air,Delhi,London,
7:40 AM, 12:35 PM+1, CAD 1103, Finnair,Delhi,London,
9:50 PM, 6:55 AM+1, CAD 1419, Gulf Air,Delhi,London,
1:10 AM, 7:55 AM, CAD 1527, Swiss International Air Lines,Delhi,London,
1:35 PM, 8:40 PM, CAD 1555, Lufthansa • Lufthansa 7253 operated by Air India,Delhi,London,
2:50 AM, 10:40 AM, CAD 1383, Lufthansa,Delhi,London,
1:20 AM, 9:55 AM, CAD 1372, Lufthansa,Delhi,London,
2:50 AM, 12:40 PM, CAD 1383, Lufthansa,Delhi,London,
7:40 AM, 3:10 PM+1, CAD 1103, Finnair,Delhi,London,
9:50 PM, 3:20 PM+1, CAD 1277, Gulf Air,Delhi,London,
1:20 AM, 8:15 AM, CAD 1544, Lufthansa,Delhi,London,
8:00 AM, 5:20 PM, CAD 974, LOT-Polish Airlines,Delhi,London,
10:05 AM, 3:15 PM, CAD 2451, British Airways,Delhi,London,
8:00 AM, 10:00 PM, CAD 865, LOT-Polish Airlines,Delhi,London,
6:45 AM, 11:30 AM, CAD 1849, Air India,Delhi,London,
2:15 PM, 7:00 PM, CAD 2219, Air India,Delhi,London,
3:10 PM, 8:25 PM, CAD 2139, Air India • Air India 6599 operated by Vistara,Delhi,London,
3:10 PM, 8:25 PM, CAD 2108, Vistara,Delhi,London,
2:45 AM, 7:30 AM, CAD 1849, Air India,Delhi,London,
8:00 AM, 9:20 AM+1, CAD 865, LOT-Polish Airlines,Delhi,London,
11:20 AM, 4:35 PM, CAD 2431, Virgin Atlantic,Delhi,London,
2:05 AM, 7:20 AM, CAD 2431, Virgin Atlantic,Delhi,London,
7:40 AM, 5:05 PM, CAD 1284, Finnair,Delhi,London,
11:40 AM, 9:05 PM, CAD 1320, Egyptair,Delhi,London,
7:40 AM, 9:10 AM+1, CAD 1103, Finnair,Delhi,London,
4:55 AM, 3:20 PM, CAD 1277, Gulf Air,Delhi,London,
7:40 AM, 12:35 PM+1, CAD 1103, Finnair,Delhi,London,
9:50 PM, 6:55 AM+1, CAD 1419, Gulf Air,Delhi,London,
1:10 AM, 7:55 AM, CAD 1527, Swiss International Air Lines,Delhi,London,
1:35 PM, 8:40 PM, CAD 1555, Lufthansa • Lufthansa 7253 operated by Air India,Delhi,London,
2:50 AM, 10:40 AM, CAD 1383, Lufthansa,Delhi,London,
1:20 AM, 9:55 AM, CAD 1372, Lufthansa,Delhi,London,
2:50 AM, 12:40 PM, CAD 1383, Lufthansa,Delhi,London,
7:40 AM, 3:10 PM+1, CAD 1103, Finnair,Delhi,London,
9:50 PM, 3:20 PM+1, CAD 1277, Gulf Air,Delhi,London,
1:20 AM, 8:15 AM, CAD 1544, Lufthansa,Delhi,London,
8:00 AM, 5:20 PM, CAD 974, LOT-Polish Airlines,Delhi,London,
10:05 AM, 3:15 PM, CAD 2451, British Airways,Delhi,London,
8:00 AM, 10:00 PM, CAD 865, LOT-Polish Airlines,Delhi,London,
6:45 AM, 11:30 AM, CAD 1849, Air India,Delhi,London,
2:15 PM, 7:00 PM, CAD 2219, Air India,Delhi,London,
3:10 PM, 8:25 PM, CAD 2139, Air India • Air India 6599 operated by Vistara,Delhi,London,
3:10 PM, 8:25 PM, CAD 2108, Vistara,Delhi,London,
2:45 AM, 7:30 AM, CAD 1849, Air India,Delhi,London,
8:00 AM, 9:20 AM+1, CAD 865, LOT-Polish Airlines,Delhi,London,
11:20 AM, 4:35 PM, CAD 2431, Virgin Atlantic,Delhi,London,
2:05 AM, 7:20 AM, CAD 2431, Virgin Atlantic,Delhi,London,
7:40 AM, 5:05 PM, CAD 1284, Finnair,Delhi,London,
11:40 AM, 9:05 PM, CAD 1320, Egyptair,Delhi,London,
7:40 AM, 9:10 AM+1, CAD 1103, Finnair,Delhi,London,
4:55 AM, 3:20 PM, CAD 1277, Gulf Air,Delhi,London,
7:40 AM, 12:35 PM+1, CAD 1103, Finnair,Delhi,London,
9:50 PM, 6:55 AM+1, CAD 1419, Gulf Air,Delhi,London,
1:10 AM, 7:55 AM, CAD 1527, Swiss International Air Lines,Delhi,London,
1:35 PM, 8:40 PM, CAD 1555, Lufthansa • Lufthansa 7253 operated by Air India,Delhi,London,
2:50 AM, 10:40 AM, CAD 1383, Lufthansa,Delhi,London,
1:20 AM, 9:55 AM, CAD 1372, Lufthansa,Delhi,London,
2:50 AM, 12:40 PM, CAD 1383, Lufthansa,Delhi,London,
7:40 AM, 3:10 PM+1, CAD 1103, Finnair,Delhi,London,
9:50 PM, 3:20 PM+1, CAD 1277, Gulf Air,Delhi,London,
1:20 AM, 8:15 AM, CAD 1544, Lufthansa,Delhi,London,
8:00 AM, 5:20 PM, CAD 974, LOT-Polish Airlines,Delhi,London,
10:05 AM, 3:15 PM, CAD 2451, British Airways,Delhi,London,
8:00 AM, 10:00 PM, CAD 865, LOT-Polish Airlines,Delhi,London,
6:45 AM, 11:30 AM, CAD 1849, Air India,Delhi,London,
2:15 PM, 7:00 PM, CAD 2219, Air India,Delhi,London,
3:10 PM, 8:25 PM, CAD 2139, Air India • Air India 6599 operated by Vistara,Delhi,London,
3:10 PM, 8:25 PM, CAD 2108, Vistara,Delhi,London,
2:45 AM, 7:30 AM, CAD 1849, Air India,Delhi,London,
8:00 AM, 9:20 AM+1, CAD 865, LOT-Polish Airlines,Delhi,London,
11:20 AM, 4:35 PM, CAD 2431, Virgin Atlantic,Delhi,London,
2:05 AM, 7:20 AM, CAD 2431, Virgin Atlantic,Delhi,London,
7:40 AM, 5:05 PM, CAD 1284, Finnair,Delhi,London,
11:40 AM, 9:05 PM, CAD 1320, Egyptair,Delhi,London,
7:40 AM, 9:10 AM+1, CAD 1103, Finnair,Delhi,London,
4:55 AM, 3:20 PM, CAD 1277, Gulf Air,Delhi,London,
7:40 AM, 12:35 PM+1, CAD 1103, Finnair,Delhi,London,
9:50 PM, 6:55 AM+1, CAD 1419, Gulf Air,Delhi,London,
1:10 AM, 7:55 AM, CAD 1527, Swiss International Air Lines,Delhi,London,
1:35 PM, 8:40 PM, CAD 1555, Lufthansa • Lufthansa 7253 operated by Air India,Delhi,London,
2:50 AM, 10:40 AM, CAD 1383, Lufthansa,Delhi,London,
1:20 AM, 9:55 AM, CAD 1372, Lufthansa,Delhi,London,
2:50 AM, 12:40 PM, CAD 1383, Lufthansa,Delhi,London,
7:40 AM, 3:10 PM+1, CAD 1103, Finnair,Delhi,London,
9:50 PM, 3:20 PM+1, CAD 1277, Gulf Air,Delhi,London,
1:20 AM, 8:15 AM, CAD 1544, Lufthansa,Delhi,London,
2:05 PM, 8:10 PM, CAD 1058, Vistara,Delhi,Paris,
1:20 PM, 7:00 PM, CAD 1496, Air India,Delhi,Paris,
2:05 PM, 8:10 PM, CAD 1347, Air India • Air India 6460 operated by Vistara,Delhi,Paris,
8:00 AM, 9:50 AM+1, CAD 707, LOT-Polish Airlines,Delhi,Paris,
8:00 AM, 6:50 PM, CAD 885, LOT-Polish Airlines,Delhi,Paris,
2:05 PM, 8:10 PM, CAD 1058, Vistara,Delhi,Paris,
1:20 PM, 7:00 PM, CAD 1496, Air India,Delhi,Paris,
2:05 PM, 8:10 PM, CAD 1347, Air India • Air India 6460 operated by Vistara,Delhi,Paris,
8:00 AM, 9:50 AM+1, CAD 707, LOT-Polish Airlines,Delhi,Paris,
8:00 AM, 6:50 PM, CAD 885, LOT-Polish Airlines,Delhi,Paris,
2:05 PM, 8:10 PM, CAD 1058, Vistara,Delhi,Paris,
1:20 PM, 7:00 PM, CAD 1496, Air India,Delhi,Paris,
2:05 PM, 8:10 PM, CAD 1347, Air India • Air India 6460 operated by Vistara,Delhi,Paris,
8:00 AM, 9:50 AM+1, CAD 707, LOT-Polish Airlines,Delhi,Paris,
8:00 AM, 6:50 PM, CAD 885, LOT-Polish Airlines,Delhi,Paris,
12:35 AM, 6:35 AM, CAD 1431, Air France,Delhi,Paris,
8:00 AM, 10:45 PM, CAD 788, LOT-Polish Airlines,Delhi,Paris,
8:55 AM, 7:30 PM, CAD 1071, Multiple airlines,Delhi,Paris,
7:40 AM, 6:10 PM, CAD 1097, Finnair,Delhi,Paris,
8:00 AM, 7:30 PM, CAD 1071, Multiple airlines,Delhi,Paris,
7:00 AM, 7:30 PM, CAD 1071, Multiple airlines,Delhi,Paris,
4:50 AM, 2:25 PM, CAD 1137, Etihad Airways • Etihad Airways 5902 operated by Air France,Delhi,Paris,
2:15 AM, 7:30 PM, CAD 1071, Multiple airlines,Delhi,Paris,
11:40 AM, 9:05 PM, CAD 1308, Egyptair,Delhi,Paris,
1:35 PM, 9:25 PM, CAD 1269, Lufthansa • Lufthansa 7253 operated by Air India,Delhi,Paris,
7:40 AM, 10:20 PM, CAD 1097, Finnair • Finnair 1581 operated by Nordic Reg For Finnair,Delhi,Paris,
6:35 AM, 4:55 PM, CAD 1342, Turkish Airlines • Turkish Airlines 4650 operated by 6e /Air Indigo,Delhi,Paris,
9:30 AM, 7:30 PM, CAD 1419, Vistara,Delhi,Paris,
10:30 PM, 7:30 PM+1, CAD 1071, Multiple airlines,Delhi,Paris,
6:35 AM, 9:35 AM+1, CAD 998, Turkish Airlines • Turkish Airlines 4650 operated by 6e /Air Indigo,Delhi,Paris,
8:55 AM, 7:30 PM, CAD 1419, Vistara,Delhi,Paris,
6:35 AM, 6:10 PM, CAD 1342, Turkish Airlines • Turkish Airlines 4650 operated by 6e /Air Indigo,Delhi,Paris,
9:20 PM, 7:30 PM+1, CAD 1071, Multiple airlines,Delhi,Paris,
9:50 PM, 7:55 AM+1, CAD 1403, Gulf Air,Delhi,Paris,
1:35 PM, 10:55 PM, CAD 1269, Lufthansa • Lufthansa 7253 operated by Air India,Delhi,Paris,
2:05 PM, 8:10 PM, CAD 1058, Vistara,Delhi,Paris,
1:20 PM, 7:00 PM, CAD 1496, Air India,Delhi,Paris,
2:05 PM, 8:10 PM, CAD 1347, Air India • Air India 6460 operated by Vistara,Delhi,Paris,
8:00 AM, 9:50 AM+1, CAD 707, LOT-Polish Airlines,Delhi,Paris,
8:00 AM, 6:50 PM, CAD 885, LOT-Polish Airlines,Delhi,Paris,
12:35 AM, 6:35 AM, CAD 1431, Air France,Delhi,Paris,
8:00 AM, 10:45 PM, CAD 788, LOT-Polish Airlines,Delhi,Paris,
8:55 AM, 7:30 PM, CAD 1071, Multiple airlines,Delhi,Paris,
7:40 AM, 6:10 PM, CAD 1097, Finnair,Delhi,Paris,
8:00 AM, 7:30 PM, CAD 1071, Multiple airlines,Delhi,Paris,
7:00 AM, 7:30 PM, CAD 1071, Multiple airlines,Delhi,Paris,
4:50 AM, 2:25 PM, CAD 1137, Etihad Airways • Etihad Airways 5902 operated by Air France,Delhi,Paris,
2:15 AM, 7:30 PM, CAD 1071, Multiple airlines,Delhi,Paris,
11:40 AM, 9:05 PM, CAD 1308, Egyptair,Delhi,Paris,
1:35 PM, 9:25 PM, CAD 1269, Lufthansa • Lufthansa 7253 operated by Air India,Delhi,Paris,
7:40 AM, 10:20 PM, CAD 1097, Finnair • Finnair 1581 operated by Nordic Reg For Finnair,Delhi,Paris,
6:35 AM, 4:55 PM, CAD 1342, Turkish Airlines • Turkish Airlines 4650 operated by 6e /Air Indigo,Delhi,Paris,
9:30 AM, 7:30 PM, CAD 1419, Vistara,Delhi,Paris,
10:30 PM, 7:30 PM+1, CAD 1071, Multiple airlines,Delhi,Paris,
6:35 AM, 9:35 AM+1, CAD 998, Turkish Airlines • Turkish Airlines 4650 operated by 6e /Air Indigo,Delhi,Paris,
8:55 AM, 7:30 PM, CAD 1419, Vistara,Delhi,Paris,
6:35 AM, 6:10 PM, CAD 1342, Turkish Airlines • Turkish Airlines 4650 operated by 6e /Air Indigo,Delhi,Paris,
9:20 PM, 7:30 PM+1, CAD 1071, Multiple airlines,Delhi,Paris,
9:50 PM, 7:55 AM+1, CAD 1403, Gulf Air,Delhi,Paris,
1:35 PM, 10:55 PM, CAD 1269, Lufthansa • Lufthansa 7253 operated by Air India,Delhi,Paris,
2:05 PM, 8:10 PM, CAD 1058, Vistara,Delhi,Paris,
1:20 PM, 7:00 PM, CAD 1496, Air India,Delhi,Paris,
2:05 PM, 8:10 PM, CAD 1347, Air India • Air India 6460 operated by Vistara,Delhi,Paris,
8:00 AM, 9:50 AM+1, CAD 707, LOT-Polish Airlines,Delhi,Paris,
8:00 AM, 6:50 PM, CAD 885, LOT-Polish Airlines,Delhi,Paris,
12:35 AM, 6:35 AM, CAD 1431, Air France,Delhi,Paris,
8:00 AM, 10:45 PM, CAD 788, LOT-Polish Airlines,Delhi,Paris,
8:55 AM, 7:30 PM, CAD 1071, Multiple airlines,Delhi,Paris,
7:40 AM, 6:10 PM, CAD 1097, Finnair,Delhi,Paris,
8:00 AM, 7:30 PM, CAD 1071, Multiple airlines,Delhi,Paris,
7:00 AM, 7:30 PM, CAD 1071, Multiple airlines,Delhi,Paris,
4:50 AM, 2:25 PM, CAD 1137, Etihad Airways • Etihad Airways 5902 operated by Air France,Delhi,Paris,
2:15 AM, 7:30 PM, CAD 1071, Multiple airlines,Delhi,Paris,
11:40 AM, 9:05 PM, CAD 1308, Egyptair,Delhi,Paris,
1:35 PM, 9:25 PM, CAD 1269, Lufthansa • Lufthansa 7253 operated by Air India,Delhi,Paris,
7:40 AM, 10:20 PM, CAD 1097, Finnair • Finnair 1581 operated by Nordic Reg For Finnair,Delhi,Paris,
6:35 AM, 4:55 PM, CAD 1342, Turkish Airlines • Turkish Airlines 4650 operated by 6e /Air Indigo,Delhi,Paris,
9:30 AM, 7:30 PM, CAD 1419, Vistara,Delhi,Paris,
10:30 PM, 7:30 PM+1, CAD 1071, Multiple airlines,Delhi,Paris,
6:35 AM, 9:35 AM+1, CAD 998, Turkish Airlines • Turkish Airlines 4650 operated by 6e /Air Indigo,Delhi,Paris,
8:55 AM, 7:30 PM, CAD 1419, Vistara,Delhi,Paris,
6:35 AM, 6:10 PM, CAD 1342, Turkish Airlines • Turkish Airlines 4650 operated by 6e /Air Indigo,Delhi,Paris,
9:20 PM, 7:30 PM+1, CAD 1071, Multiple airlines,Delhi,Paris,
9:50 PM, 7:55 AM+1, CAD 1403, Gulf Air,Delhi,Paris,
1:35 PM, 10:55 PM, CAD 1269, Lufthansa • Lufthansa 7253 operated by Air India,Delhi,Paris,
