For 31 Aug,,,,
From,To,Airline,Price,Departure Time
Toronto,New York,United Airlines,CAD 1385,12:00 AM - 12:00 PM
Toronto,New York,Lufthansa,CAD 460,4:00 PM - 10:00 PM
Toronto,New York,United Airlines,CAD 854,7:00 AM - 11:00 AM
Toronto,New York,Air Canada,CAD 1434,4:00 PM - 9:00 PM
Toronto,New York,American Airlines,CAD 276,4:00 PM - 9:00 PM
Toronto,New York,United Airlines,CAD 1313,9:00 AM - 6:00 PM
Toronto,New York,Qatar Airways,CAD 452,3:00 PM - 9:00 PM
Toronto,New York,Qatar Airways,CAD 1471,4:00 PM - 8:00 PM
Toronto,New York,Air Canada,CAD 462,5:00 PM - 6:00 PM
Toronto,New York,Air India,CAD 1126,10:00 PM - 2:00 AM
Toronto,New York,Air India,CAD 476,6:00 PM - 7:00 PM
Toronto,New York,Air India,CAD 451,3:00 PM - 5:00 PM
Toronto,New York,Air Canada,CAD 1384,8:00 AM - 10:00 AM
Toronto,New York,Air Canada,CAD 1406,4:00 PM - 10:00 PM
Toronto,New York,British Airways,CAD 593,8:00 PM - 12:00 AM
Toronto,New York,Qatar Airways,CAD 1338,7:00 AM - 9:00 AM
Toronto,New York,British Airways,CAD 1432,7:00 AM - 8:00 AM
Toronto,New York,Air Canada,CAD 264,6:00 PM - 8:00 PM
Toronto,New York,British Airways,CAD 1056,9:00 AM - 1:00 PM
Toronto,New York,British Airways,CAD 1003,4:00 AM - 6:00 AM
Toronto,New York,Lufthansa,CAD 1156,3:00 AM - 9:00 AM
Toronto,New York,United Airlines,CAD 378,3:00 PM - 4:00 PM
Toronto,New York,Air India,CAD 952,3:00 AM - 1:00 PM
Toronto,New York,Qatar Airways,CAD 332,3:00 PM - 1:00 AM
Toronto,New York,Emirates,CAD 578,7:00 PM - 3:00 AM
Toronto,New York,Emirates,CAD 1187,5:00 PM - 8:00 PM
Toronto,New York,American Airlines,CAD 1396,12:00 PM - 8:00 PM
Toronto,New York,Air Canada,CAD 439,7:00 PM - 6:00 AM
Toronto,New York,United Airlines,CAD 1083,3:00 AM - 5:00 AM
Toronto,New York,British Airways,CAD 832,3:00 PM - 6:00 PM
Toronto,New York,American Airlines,CAD 649,6:00 AM - 4:00 PM
Toronto,New York,American Airlines,CAD 558,2:00 AM - 7:00 AM
Toronto,New York,Lufthansa,CAD 470,12:00 PM - 1:00 PM
Toronto,New York,Emirates,CAD 1335,9:00 PM - 8:00 AM
Toronto,New York,American Airlines,CAD 496,12:00 AM - 12:00 PM
Toronto,New York,Qatar Airways,CAD 931,11:00 PM - 3:00 AM
Toronto,New York,Air India,CAD 1298,6:00 AM - 11:00 AM
Toronto,New York,British Airways,CAD 1280,2:00 AM - 5:00 AM
Toronto,New York,Lufthansa,CAD 1291,7:00 PM - 4:00 AM
Toronto,New York,Air India,CAD 725,1:00 PM - 9:00 PM
Toronto,New York,American Airlines,CAD 250,8:00 AM - 5:00 PM
Toronto,New York,United Airlines,CAD 379,3:00 AM - 2:00 PM
Toronto,New York,Lufthansa,CAD 872,10:00 AM - 12:00 PM
Toronto,New York,British Airways,CAD 1292,11:00 PM - 11:00 AM
Toronto,New York,Air Canada,CAD 266,11:00 AM - 5:00 PM
Toronto,New York,Air India,CAD 1340,10:00 PM - 4:00 AM
Toronto,New York,British Airways,CAD 374,10:00 PM - 9:00 AM
Toronto,New York,Lufthansa,CAD 1295,10:00 PM - 12:00 AM
Toronto,New York,Emirates,CAD 1170,10:00 PM - 11:00 PM
Toronto,New York,Air Canada,CAD 476,8:00 AM - 6:00 PM
Toronto,New York,Air Canada,CAD 942,4:00 PM - 8:00 PM
Toronto,New York,Emirates,CAD 1164,6:00 PM - 3:00 AM
Toronto,New York,Air India,CAD 483,7:00 AM - 10:00 AM
Toronto,New York,British Airways,CAD 1003,2:00 PM - 1:00 AM
Toronto,New York,Air Canada,CAD 1288,4:00 AM - 4:00 PM
Toronto,New York,American Airlines,CAD 968,9:00 AM - 2:00 PM
Toronto,Paris,United Airlines,CAD 564,6:00 AM - 11:00 AM
Toronto,Paris,American Airlines,CAD 757,12:00 PM - 4:00 PM
Toronto,Paris,American Airlines,CAD 719,5:00 PM - 6:00 PM
Toronto,Paris,British Airways,CAD 964,5:00 PM - 6:00 PM
Toronto,Paris,British Airways,CAD 576,6:00 PM - 2:00 AM
Toronto,Paris,Air India,CAD 902,2:00 PM - 11:00 PM
Toronto,Paris,Qatar Airways,CAD 1025,4:00 AM - 12:00 PM
Toronto,Paris,Lufthansa,CAD 1064,7:00 AM - 8:00 AM
Toronto,Paris,Qatar Airways,CAD 489,9:00 PM - 3:00 AM
Toronto,Paris,Delta Airlines,CAD 1132,4:00 AM - 8:00 AM
Toronto,Paris,American Airlines,CAD 1427,3:00 PM - 3:00 AM
Toronto,Paris,British Airways,CAD 908,5:00 AM - 10:00 AM
Toronto,Paris,Lufthansa,CAD 330,10:00 PM - 11:00 PM
Toronto,Paris,Lufthansa,CAD 536,11:00 PM - 8:00 AM
Toronto,Paris,Air India,CAD 515,3:00 AM - 3:00 PM
Toronto,Paris,Delta Airlines,CAD 769,8:00 AM - 12:00 PM
Toronto,Paris,Delta Airlines,CAD 810,10:00 PM - 10:00 AM
Toronto,Paris,Lufthansa,CAD 1041,2:00 AM - 7:00 AM
Toronto,Paris,Qatar Airways,CAD 287,11:00 PM - 1:00 AM
Toronto,Paris,British Airways,CAD 1392,7:00 AM - 4:00 PM
Toronto,Paris,Air Canada,CAD 756,8:00 AM - 9:00 AM
Toronto,Paris,United Airlines,CAD 272,4:00 AM - 9:00 AM
Toronto,Paris,Delta Airlines,CAD 650,3:00 PM - 11:00 PM
Toronto,Paris,Air India,CAD 545,9:00 AM - 8:00 PM
Toronto,Paris,Emirates,CAD 870,1:00 PM - 3:00 PM
Toronto,Paris,Delta Airlines,CAD 517,3:00 PM - 2:00 AM
Toronto,Paris,Delta Airlines,CAD 691,12:00 PM - 3:00 PM
Toronto,Paris,British Airways,CAD 1250,4:00 PM - 8:00 PM
Toronto,Paris,Qatar Airways,CAD 1458,12:00 PM - 8:00 PM
Toronto,Paris,Air India,CAD 729,11:00 AM - 10:00 PM
Toronto,Paris,Lufthansa,CAD 1000,11:00 PM - 11:00 AM
Toronto,Paris,Air India,CAD 1373,1:00 PM - 12:00 AM
Toronto,Paris,Qatar Airways,CAD 1234,2:00 AM - 7:00 AM
Toronto,Paris,Air Canada,CAD 674,11:00 AM - 9:00 PM
Toronto,Paris,United Airlines,CAD 1259,3:00 PM - 4:00 PM
Toronto,Paris,Air India,CAD 901,10:00 PM - 6:00 AM
Toronto,Paris,Emirates,CAD 980,4:00 PM - 6:00 PM
Toronto,Paris,Emirates,CAD 873,4:00 PM - 11:00 PM
Toronto,Paris,Lufthansa,CAD 764,5:00 AM - 11:00 AM
Toronto,Paris,Qatar Airways,CAD 1443,8:00 AM - 8:00 PM
Toronto,Paris,Air Canada,CAD 629,5:00 AM - 6:00 AM
Toronto,Paris,American Airlines,CAD 1486,8:00 AM - 7:00 PM
Toronto,Paris,Delta Airlines,CAD 1353,8:00 PM - 8:00 AM
Toronto,Paris,Qatar Airways,CAD 1395,11:00 AM - 1:00 PM
Toronto,Paris,Air India,CAD 1125,7:00 PM - 7:00 AM
Toronto,Paris,Lufthansa,CAD 1425,4:00 AM - 9:00 AM
Toronto,Paris,Qatar Airways,CAD 815,2:00 PM - 5:00 PM
Toronto,Paris,British Airways,CAD 1020,3:00 PM - 11:00 PM
Toronto,Paris,American Airlines,CAD 1421,2:00 PM - 9:00 PM
Toronto,Paris,Air Canada,CAD 772,7:00 AM - 8:00 AM
Toronto,Paris,United Airlines,CAD 1183,12:00 AM - 12:00 PM
Toronto,Paris,Air India,CAD 575,10:00 AM - 10:00 PM
Toronto,Paris,American Airlines,CAD 986,8:00 PM - 9:00 PM
Toronto,Paris,Qatar Airways,CAD 1431,1:00 AM - 9:00 AM
Toronto,Paris,Air India,CAD 1082,7:00 PM - 2:00 AM
Toronto,Paris,United Airlines,CAD 1144,10:00 AM - 2:00 PM
Toronto,London,United Airlines,CAD 646,5:00 PM - 11:00 PM
Toronto,London,Emirates,CAD 539,7:00 PM - 8:00 PM
Toronto,London,American Airlines,CAD 890,12:00 PM - 6:00 PM
Toronto,London,Lufthansa,CAD 934,1:00 AM - 4:00 AM
Toronto,London,Air India,CAD 1472,6:00 AM - 10:00 AM
Toronto,London,Lufthansa,CAD 1463,5:00 PM - 12:00 AM
Toronto,London,Air Canada,CAD 500,2:00 AM - 12:00 PM
Toronto,London,United Airlines,CAD 830,7:00 AM - 8:00 AM
Toronto,London,British Airways,CAD 405,9:00 AM - 1:00 PM
Toronto,London,Air Canada,CAD 568,3:00 PM - 1:00 AM
Toronto,London,Delta Airlines,CAD 883,8:00 PM - 2:00 AM
Toronto,London,Air India,CAD 743,8:00 PM - 8:00 AM
Toronto,London,United Airlines,CAD 344,10:00 AM - 1:00 PM
Toronto,London,Lufthansa,CAD 925,12:00 PM - 3:00 PM
Toronto,London,Air India,CAD 715,3:00 PM - 7:00 PM
Toronto,London,Qatar Airways,CAD 1331,9:00 AM - 1:00 PM
Toronto,London,Qatar Airways,CAD 311,6:00 AM - 7:00 AM
Toronto,London,United Airlines,CAD 331,11:00 AM - 12:00 PM
Toronto,London,Qatar Airways,CAD 392,5:00 AM - 9:00 AM
Toronto,London,Air Canada,CAD 603,1:00 PM - 6:00 PM
Toronto,London,Air India,CAD 689,7:00 AM - 3:00 PM
Toronto,London,Air Canada,CAD 1341,12:00 PM - 5:00 PM
Toronto,London,Emirates,CAD 1495,2:00 PM - 3:00 PM
Toronto,London,Delta Airlines,CAD 785,2:00 PM - 10:00 PM
Toronto,London,Lufthansa,CAD 1053,8:00 PM - 10:00 PM
Toronto,London,United Airlines,CAD 785,12:00 PM - 10:00 PM
Toronto,London,Delta Airlines,CAD 469,12:00 PM - 1:00 PM
Toronto,London,United Airlines,CAD 618,4:00 AM - 8:00 AM
Toronto,London,Air India,CAD 550,10:00 PM - 11:00 PM
Toronto,London,United Airlines,CAD 1081,1:00 PM - 9:00 PM
Toronto,London,Lufthansa,CAD 1465,8:00 AM - 1:00 PM
Toronto,London,Emirates,CAD 336,11:00 AM - 2:00 PM
Toronto,London,Qatar Airways,CAD 1140,4:00 PM - 10:00 PM
Toronto,London,Emirates,CAD 670,12:00 AM - 1:00 AM
Toronto,London,Lufthansa,CAD 1165,10:00 AM - 11:00 AM
Toronto,London,British Airways,CAD 409,8:00 AM - 1:00 PM
Toronto,London,United Airlines,CAD 981,8:00 AM - 3:00 PM
Toronto,London,Emirates,CAD 684,6:00 PM - 1:00 AM
Toronto,London,British Airways,CAD 285,5:00 AM - 10:00 AM
Toronto,London,British Airways,CAD 772,4:00 AM - 6:00 AM
Toronto,London,Emirates,CAD 968,2:00 AM - 12:00 PM
Toronto,London,Qatar Airways,CAD 610,1:00 AM - 7:00 AM
Toronto,London,Delta Airlines,CAD 736,9:00 PM - 3:00 AM
Toronto,London,American Airlines,CAD 1202,10:00 PM - 1:00 AM
Toronto,London,Emirates,CAD 1467,1:00 AM - 8:00 AM
Toronto,London,American Airlines,CAD 1372,1:00 PM - 10:00 PM
Toronto,London,American Airlines,CAD 365,4:00 AM - 7:00 AM
Toronto,London,American Airlines,CAD 1092,1:00 AM - 12:00 PM
Toronto,London,Delta Airlines,CAD 1465,8:00 PM - 10:00 PM
Toronto,London,United Airlines,CAD 831,12:00 AM - 5:00 AM
Toronto,London,Lufthansa,CAD 361,9:00 PM - 7:00 AM
Toronto,London,Delta Airlines,CAD 1095,8:00 PM - 2:00 AM
Toronto,London,Air India,CAD 754,1:00 PM - 3:00 PM
Toronto,London,Air Canada,CAD 560,10:00 PM - 10:00 AM
Toronto,London,Emirates,CAD 1217,6:00 AM - 1:00 PM
Toronto,London,United Airlines,CAD 282,12:00 AM - 5:00 AM
Delhi,New York,Qatar Airways,CAD 1339,2:00 PM - 11:00 PM
Delhi,New York,Lufthansa,CAD 1251,2:00 AM - 7:00 AM
Delhi,New York,Lufthansa,CAD 1166,8:00 PM - 10:00 PM
Delhi,New York,United Airlines,CAD 334,7:00 AM - 4:00 PM
Delhi,New York,Emirates,CAD 391,2:00 AM - 8:00 AM
Delhi,New York,American Airlines,CAD 586,12:00 PM - 9:00 PM
Delhi,New York,United Airlines,CAD 1305,2:00 PM - 9:00 PM
Delhi,New York,Lufthansa,CAD 1251,3:00 PM - 11:00 PM
Delhi,New York,Lufthansa,CAD 603,10:00 AM - 2:00 PM
Delhi,New York,Lufthansa,CAD 1206,9:00 AM - 10:00 AM
Delhi,New York,Emirates,CAD 1098,4:00 PM - 7:00 PM
Delhi,New York,Qatar Airways,CAD 1392,3:00 AM - 3:00 PM
Delhi,New York,Air Canada,CAD 904,11:00 PM - 1:00 AM
Delhi,New York,Air Canada,CAD 603,6:00 PM - 6:00 AM
Delhi,New York,American Airlines,CAD 879,5:00 AM - 10:00 AM
Delhi,New York,United Airlines,CAD 1235,3:00 PM - 6:00 PM
Delhi,New York,United Airlines,CAD 704,4:00 AM - 10:00 AM
Delhi,New York,American Airlines,CAD 344,10:00 PM - 1:00 AM
Delhi,New York,American Airlines,CAD 548,6:00 PM - 9:00 PM
Delhi,New York,Air Canada,CAD 824,7:00 PM - 2:00 AM
Delhi,New York,British Airways,CAD 1352,3:00 PM - 4:00 PM
Delhi,New York,American Airlines,CAD 729,8:00 AM - 11:00 AM
Delhi,New York,United Airlines,CAD 446,1:00 PM - 8:00 PM
Delhi,New York,Air Canada,CAD 314,4:00 PM - 9:00 PM
Delhi,New York,Lufthansa,CAD 819,7:00 PM - 5:00 AM
Delhi,New York,American Airlines,CAD 1497,1:00 AM - 9:00 AM
Delhi,New York,American Airlines,CAD 420,11:00 PM - 12:00 AM
Delhi,New York,Delta Airlines,CAD 729,5:00 AM - 1:00 PM
Delhi,New York,Air India,CAD 1394,11:00 PM - 1:00 AM
Delhi,New York,Emirates,CAD 942,4:00 AM - 8:00 AM
Delhi,New York,Delta Airlines,CAD 923,3:00 AM - 3:00 PM
Delhi,New York,Delta Airlines,CAD 476,2:00 AM - 12:00 PM
Delhi,New York,Emirates,CAD 667,8:00 AM - 1:00 PM
Delhi,New York,Delta Airlines,CAD 1067,12:00 AM - 12:00 PM
Delhi,New York,Qatar Airways,CAD 643,5:00 AM - 3:00 PM
Delhi,New York,Emirates,CAD 642,3:00 PM - 9:00 PM
Delhi,New York,American Airlines,CAD 580,1:00 PM - 12:00 AM
Delhi,New York,Delta Airlines,CAD 504,7:00 AM - 5:00 PM
Delhi,New York,American Airlines,CAD 736,5:00 AM - 2:00 PM
Delhi,New York,United Airlines,CAD 1183,6:00 PM - 1:00 AM
Delhi,New York,Air India,CAD 912,3:00 AM - 7:00 AM
Delhi,New York,Air India,CAD 469,8:00 PM - 5:00 AM
Delhi,New York,American Airlines,CAD 359,11:00 PM - 8:00 AM
Delhi,New York,British Airways,CAD 1106,3:00 PM - 12:00 AM
Delhi,New York,British Airways,CAD 863,7:00 PM - 4:00 AM
Delhi,New York,Qatar Airways,CAD 532,9:00 AM - 4:00 PM
Delhi,New York,British Airways,CAD 1198,2:00 AM - 7:00 AM
Delhi,New York,Delta Airlines,CAD 499,2:00 PM - 3:00 PM
Delhi,New York,American Airlines,CAD 713,11:00 PM - 9:00 AM
Delhi,New York,American Airlines,CAD 731,7:00 PM - 8:00 PM
Delhi,New York,Lufthansa,CAD 435,2:00 PM - 8:00 PM
Delhi,New York,American Airlines,CAD 1489,1:00 AM - 1:00 PM
Delhi,New York,Air India,CAD 1161,3:00 AM - 1:00 PM
Delhi,New York,Emirates,CAD 1353,8:00 AM - 10:00 AM
Delhi,New York,Lufthansa,CAD 556,8:00 AM - 4:00 PM
Delhi,New York,Lufthansa,CAD 1199,8:00 PM - 12:00 AM
Delhi,Paris,Air India,CAD 857,7:00 PM - 3:00 AM
Delhi,Paris,Air Canada,CAD 979,6:00 PM - 3:00 AM
Delhi,Paris,American Airlines,CAD 1116,1:00 AM - 2:00 AM
Delhi,Paris,Emirates,CAD 345,8:00 AM - 10:00 AM
Delhi,Paris,Qatar Airways,CAD 1155,12:00 PM - 4:00 PM
Delhi,Paris,Air India,CAD 302,8:00 PM - 8:00 AM
Delhi,Paris,American Airlines,CAD 1041,3:00 PM - 4:00 PM
Delhi,Paris,Delta Airlines,CAD 307,12:00 PM - 12:00 AM
Delhi,Paris,Lufthansa,CAD 1438,10:00 AM - 11:00 AM
Delhi,Paris,Delta Airlines,CAD 250,6:00 PM - 8:00 PM
Delhi,Paris,Delta Airlines,CAD 1102,5:00 PM - 12:00 AM
Delhi,Paris,Delta Airlines,CAD 990,1:00 AM - 12:00 PM
Delhi,Paris,American Airlines,CAD 1337,4:00 PM - 8:00 PM
Delhi,Paris,Emirates,CAD 889,8:00 PM - 9:00 PM
Delhi,Paris,British Airways,CAD 671,2:00 AM - 11:00 AM
Delhi,Paris,British Airways,CAD 1162,9:00 PM - 7:00 AM
Delhi,Paris,United Airlines,CAD 681,5:00 PM - 8:00 PM
Delhi,Paris,American Airlines,CAD 463,1:00 PM - 4:00 PM
Delhi,Paris,Air India,CAD 848,9:00 PM - 1:00 AM
Delhi,Paris,United Airlines,CAD 291,7:00 PM - 4:00 AM
Delhi,Paris,Delta Airlines,CAD 461,10:00 AM - 6:00 PM
Delhi,Paris,Emirates,CAD 944,12:00 AM - 8:00 AM
Delhi,Paris,American Airlines,CAD 527,4:00 AM - 1:00 PM
Delhi,Paris,American Airlines,CAD 727,4:00 AM - 1:00 PM
Delhi,Paris,Emirates,CAD 310,1:00 PM - 9:00 PM
Delhi,Paris,American Airlines,CAD 894,5:00 PM - 3:00 AM
Delhi,Paris,United Airlines,CAD 756,8:00 PM - 10:00 PM
Delhi,Paris,American Airlines,CAD 659,8:00 PM - 9:00 PM
Delhi,Paris,Emirates,CAD 551,3:00 PM - 10:00 PM
Delhi,Paris,Air Canada,CAD 1338,6:00 PM - 1:00 AM
Delhi,Paris,Air Canada,CAD 730,1:00 AM - 7:00 AM
Delhi,Paris,Emirates,CAD 1251,1:00 PM - 9:00 PM
Delhi,Paris,Emirates,CAD 446,9:00 PM - 4:00 AM
Delhi,Paris,Delta Airlines,CAD 806,7:00 PM - 12:00 AM
Delhi,Paris,Emirates,CAD 1132,9:00 AM - 8:00 PM
Delhi,Paris,Lufthansa,CAD 498,5:00 PM - 5:00 AM
Delhi,Paris,Qatar Airways,CAD 1412,10:00 PM - 3:00 AM
Delhi,Paris,Qatar Airways,CAD 883,1:00 AM - 10:00 AM
Delhi,Paris,British Airways,CAD 540,5:00 PM - 7:00 PM
Delhi,Paris,Lufthansa,CAD 989,3:00 AM - 3:00 PM
Delhi,Paris,Air India,CAD 311,1:00 AM - 2:00 AM
Delhi,Paris,Air Canada,CAD 871,5:00 PM - 5:00 AM
Delhi,Paris,Delta Airlines,CAD 930,12:00 PM - 5:00 PM
Delhi,Paris,Lufthansa,CAD 446,5:00 PM - 6:00 PM
Delhi,Paris,Qatar Airways,CAD 605,8:00 PM - 12:00 AM
Delhi,Paris,British Airways,CAD 396,9:00 PM - 3:00 AM
Delhi,Paris,Air India,CAD 807,3:00 AM - 6:00 AM
Delhi,Paris,British Airways,CAD 737,11:00 PM - 7:00 AM
Delhi,Paris,Air India,CAD 368,1:00 AM - 10:00 AM
Delhi,Paris,Air India,CAD 658,3:00 AM - 5:00 AM
Delhi,Paris,Air India,CAD 1497,12:00 PM - 12:00 AM
Delhi,Paris,Air Canada,CAD 1223,1:00 PM - 3:00 PM
Delhi,Paris,Air India,CAD 481,3:00 PM - 9:00 PM
Delhi,Paris,Emirates,CAD 327,2:00 PM - 4:00 PM
Delhi,Paris,American Airlines,CAD 272,8:00 AM - 1:00 PM
Delhi,Paris,United Airlines,CAD 654,4:00 PM - 5:00 PM
Delhi,London,British Airways,CAD 1226,4:00 AM - 11:00 AM
Delhi,London,Air Canada,CAD 847,5:00 AM - 6:00 AM
Delhi,London,Qatar Airways,CAD 1420,3:00 AM - 11:00 AM
Delhi,London,Emirates,CAD 909,10:00 AM - 2:00 PM
Delhi,London,United Airlines,CAD 1117,12:00 PM - 12:00 AM
Delhi,London,Emirates,CAD 632,12:00 AM - 9:00 AM
Delhi,London,Delta Airlines,CAD 952,7:00 PM - 7:00 AM
Delhi,London,United Airlines,CAD 636,2:00 PM - 11:00 PM
Delhi,London,Air Canada,CAD 873,7:00 PM - 3:00 AM
Delhi,London,American Airlines,CAD 542,12:00 AM - 5:00 AM
Delhi,London,Emirates,CAD 336,2:00 AM - 5:00 AM
Delhi,London,Lufthansa,CAD 532,9:00 PM - 8:00 AM
Delhi,London,Air India,CAD 755,4:00 AM - 11:00 AM
Delhi,London,Emirates,CAD 624,11:00 PM - 10:00 AM
Delhi,London,American Airlines,CAD 1176,2:00 AM - 7:00 AM
Delhi,London,Lufthansa,CAD 671,12:00 PM - 9:00 PM
Delhi,London,Lufthansa,CAD 1460,6:00 PM - 9:00 PM
Delhi,London,Delta Airlines,CAD 1126,2:00 PM - 5:00 PM
Delhi,London,Lufthansa,CAD 1195,7:00 AM - 8:00 AM
Delhi,London,British Airways,CAD 1048,6:00 PM - 4:00 AM
Delhi,London,American Airlines,CAD 1417,3:00 PM - 8:00 PM
Delhi,London,British Airways,CAD 997,5:00 PM - 11:00 PM
Delhi,London,United Airlines,CAD 748,9:00 AM - 5:00 PM
Delhi,London,Air India,CAD 995,1:00 PM - 3:00 PM
Delhi,London,Lufthansa,CAD 1075,12:00 AM - 5:00 AM
Delhi,London,Emirates,CAD 1253,11:00 AM - 6:00 PM
Delhi,London,Air Canada,CAD 1315,7:00 AM - 1:00 PM
Delhi,London,United Airlines,CAD 547,3:00 AM - 1:00 PM
Delhi,London,British Airways,CAD 1173,11:00 AM - 3:00 PM
Delhi,London,British Airways,CAD 480,3:00 PM - 7:00 PM
Delhi,London,American Airlines,CAD 764,4:00 AM - 4:00 PM
Delhi,London,British Airways,CAD 867,5:00 PM - 9:00 PM
Delhi,London,Delta Airlines,CAD 1139,5:00 AM - 9:00 AM
Delhi,London,Air Canada,CAD 1135,2:00 PM - 10:00 PM
Delhi,London,British Airways,CAD 703,6:00 PM - 12:00 AM
Delhi,London,United Airlines,CAD 1197,11:00 PM - 6:00 AM
Delhi,London,Air Canada,CAD 250,6:00 AM - 6:00 PM
Delhi,London,Qatar Airways,CAD 697,3:00 AM - 8:00 AM
Delhi,London,British Airways,CAD 1238,3:00 PM - 12:00 AM
Delhi,London,Air India,CAD 923,4:00 AM - 9:00 AM
Delhi,London,Air India,CAD 1331,8:00 AM - 4:00 PM
Delhi,London,British Airways,CAD 626,2:00 AM - 6:00 AM
Delhi,London,American Airlines,CAD 1423,5:00 AM - 9:00 AM
Delhi,London,British Airways,CAD 1395,1:00 AM - 2:00 AM
Delhi,London,Qatar Airways,CAD 1104,1:00 AM - 1:00 PM
Delhi,London,United Airlines,CAD 539,7:00 AM - 4:00 PM
Delhi,London,United Airlines,CAD 1231,4:00 AM - 9:00 AM
Delhi,London,Qatar Airways,CAD 660,10:00 AM - 3:00 PM
Delhi,London,American Airlines,CAD 846,12:00 AM - 4:00 AM
Delhi,London,Lufthansa,CAD 766,6:00 PM - 8:00 PM
Delhi,London,Delta Airlines,CAD 1480,4:00 AM - 10:00 AM
Delhi,London,United Airlines,CAD 1297,2:00 AM - 11:00 AM
Delhi,London,British Airways,CAD 607,6:00 AM - 5:00 PM
Delhi,London,Air India,CAD 1300,10:00 PM - 11:00 PM
Delhi,London,Air Canada,CAD 457,1:00 PM - 11:00 PM
Delhi,London,British Airways,CAD 521,8:00 PM - 8:00 AM
Dubai,New York,Air Canada,CAD 1177,4:00 PM - 8:00 PM
Dubai,New York,United Airlines,CAD 667,3:00 PM - 1:00 AM
Dubai,New York,Air India,CAD 1240,9:00 PM - 6:00 AM
Dubai,New York,American Airlines,CAD 1392,7:00 AM - 1:00 PM
Dubai,New York,Delta Airlines,CAD 1244,7:00 PM - 2:00 AM
Dubai,New York,American Airlines,CAD 563,6:00 PM - 3:00 AM
Dubai,New York,Air Canada,CAD 1121,1:00 AM - 7:00 AM
Dubai,New York,Air Canada,CAD 947,6:00 PM - 10:00 PM
Dubai,New York,American Airlines,CAD 1127,11:00 AM - 3:00 PM
Dubai,New York,Emirates,CAD 1237,4:00 AM - 1:00 PM
Dubai,New York,Emirates,CAD 756,1:00 PM - 2:00 PM
Dubai,New York,Delta Airlines,CAD 1048,6:00 AM - 10:00 AM
Dubai,New York,Qatar Airways,CAD 531,8:00 AM - 6:00 PM
Dubai,New York,Air Canada,CAD 812,6:00 PM - 8:00 PM
Dubai,New York,Delta Airlines,CAD 649,3:00 PM - 1:00 AM
Dubai,New York,Emirates,CAD 572,2:00 AM - 6:00 AM
Dubai,New York,Lufthansa,CAD 995,11:00 AM - 12:00 PM
Dubai,New York,American Airlines,CAD 905,1:00 AM - 8:00 AM
Dubai,New York,Emirates,CAD 1441,7:00 PM - 3:00 AM
Dubai,New York,Air Canada,CAD 1151,3:00 PM - 1:00 AM
Dubai,New York,American Airlines,CAD 265,5:00 AM - 3:00 PM
Dubai,New York,Emirates,CAD 827,4:00 AM - 12:00 PM
Dubai,New York,British Airways,CAD 982,4:00 PM - 10:00 PM
Dubai,New York,Lufthansa,CAD 1005,6:00 PM - 1:00 AM
Dubai,New York,Qatar Airways,CAD 1122,5:00 PM - 12:00 AM
Dubai,New York,United Airlines,CAD 1104,9:00 AM - 3:00 PM
Dubai,New York,Air Canada,CAD 550,10:00 PM - 9:00 AM
Dubai,New York,Delta Airlines,CAD 489,10:00 AM - 12:00 PM
Dubai,New York,Emirates,CAD 419,7:00 PM - 3:00 AM
Dubai,New York,American Airlines,CAD 1394,6:00 PM - 12:00 AM
Dubai,New York,Lufthansa,CAD 1433,12:00 PM - 9:00 PM
Dubai,New York,Air India,CAD 940,7:00 AM - 9:00 AM
Dubai,New York,Qatar Airways,CAD 470,7:00 AM - 1:00 PM
Dubai,New York,British Airways,CAD 1227,8:00 AM - 12:00 PM
Dubai,New York,Delta Airlines,CAD 1264,7:00 PM - 9:00 PM
Dubai,New York,Air Canada,CAD 441,5:00 AM - 7:00 AM
Dubai,New York,Lufthansa,CAD 895,9:00 AM - 8:00 PM
Dubai,New York,Lufthansa,CAD 679,8:00 AM - 10:00 AM
Dubai,New York,Air India,CAD 1324,6:00 AM - 6:00 PM
Dubai,New York,American Airlines,CAD 1220,1:00 AM - 11:00 AM
Dubai,New York,Air Canada,CAD 695,4:00 AM - 8:00 AM
Dubai,New York,Air India,CAD 1129,3:00 PM - 11:00 PM
Dubai,New York,Emirates,CAD 1409,7:00 PM - 3:00 AM
Dubai,New York,Air India,CAD 1359,6:00 PM - 1:00 AM
Dubai,New York,Air Canada,CAD 305,3:00 AM - 10:00 AM
Dubai,New York,United Airlines,CAD 1435,3:00 PM - 7:00 PM
Dubai,New York,British Airways,CAD 1319,4:00 PM - 12:00 AM
Dubai,New York,Air India,CAD 930,8:00 PM - 11:00 PM
Dubai,New York,American Airlines,CAD 879,5:00 AM - 7:00 AM
Dubai,New York,United Airlines,CAD 1258,9:00 PM - 3:00 AM
Dubai,New York,Air India,CAD 475,7:00 AM - 9:00 AM
Dubai,New York,United Airlines,CAD 796,6:00 AM - 7:00 AM
Dubai,New York,Qatar Airways,CAD 978,12:00 PM - 5:00 PM
Dubai,New York,Lufthansa,CAD 291,6:00 PM - 3:00 AM
Dubai,New York,Qatar Airways,CAD 826,4:00 PM - 3:00 AM
Dubai,New York,Lufthansa,CAD 571,10:00 PM - 6:00 AM
Dubai,Paris,United Airlines,CAD 1256,4:00 PM - 12:00 AM
Dubai,Paris,Delta Airlines,CAD 898,5:00 PM - 7:00 PM
Dubai,Paris,Air India,CAD 1308,7:00 PM - 5:00 AM
Dubai,Paris,Emirates,CAD 861,11:00 PM - 1:00 AM
Dubai,Paris,United Airlines,CAD 1030,6:00 PM - 4:00 AM
Dubai,Paris,Lufthansa,CAD 1470,4:00 AM - 6:00 AM
Dubai,Paris,United Airlines,CAD 1135,2:00 PM - 8:00 PM
Dubai,Paris,British Airways,CAD 274,7:00 PM - 9:00 PM
Dubai,Paris,Qatar Airways,CAD 915,9:00 PM - 8:00 AM
Dubai,Paris,Qatar Airways,CAD 692,4:00 PM - 6:00 PM
Dubai,Paris,United Airlines,CAD 264,2:00 PM - 6:00 PM
Dubai,Paris,Emirates,CAD 656,3:00 PM - 10:00 PM
Dubai,Paris,Qatar Airways,CAD 572,3:00 PM - 10:00 PM
Dubai,Paris,Emirates,CAD 709,9:00 PM - 5:00 AM
Dubai,Paris,United Airlines,CAD 915,5:00 AM - 7:00 AM
Dubai,Paris,Delta Airlines,CAD 725,2:00 AM - 2:00 PM
Dubai,Paris,Delta Airlines,CAD 1314,3:00 AM - 5:00 AM
Dubai,Paris,Emirates,CAD 1120,4:00 PM - 2:00 AM
Dubai,Paris,Delta Airlines,CAD 475,12:00 AM - 2:00 AM
Dubai,Paris,United Airlines,CAD 290,3:00 AM - 4:00 AM
Dubai,Paris,Air Canada,CAD 346,12:00 PM - 9:00 PM
Dubai,Paris,Emirates,CAD 456,11:00 AM - 11:00 PM
Dubai,Paris,Qatar Airways,CAD 1113,4:00 AM - 1:00 PM
Dubai,Paris,British Airways,CAD 1422,8:00 PM - 6:00 AM
Dubai,Paris,United Airlines,CAD 1136,3:00 PM - 2:00 AM
Dubai,Paris,Emirates,CAD 1091,12:00 PM - 1:00 PM
Dubai,Paris,Air Canada,CAD 838,4:00 PM - 4:00 AM
Dubai,Paris,Air Canada,CAD 883,2:00 AM - 9:00 AM
Dubai,Paris,Qatar Airways,CAD 1211,7:00 PM - 6:00 AM
Dubai,Paris,British Airways,CAD 512,11:00 PM - 1:00 AM
Dubai,Paris,Air India,CAD 350,11:00 AM - 3:00 PM
Dubai,Paris,American Airlines,CAD 1081,9:00 PM - 7:00 AM
Dubai,Paris,British Airways,CAD 492,5:00 PM - 7:00 PM
Dubai,Paris,Qatar Airways,CAD 690,6:00 PM - 12:00 AM
Dubai,Paris,Emirates,CAD 967,3:00 PM - 3:00 AM
Dubai,Paris,Qatar Airways,CAD 1035,2:00 PM - 5:00 PM
Dubai,Paris,Qatar Airways,CAD 1260,5:00 PM - 11:00 PM
Dubai,Paris,Air India,CAD 1491,7:00 AM - 5:00 PM
Dubai,Paris,British Airways,CAD 1294,12:00 PM - 4:00 PM
Dubai,Paris,United Airlines,CAD 500,9:00 PM - 4:00 AM
Dubai,Paris,British Airways,CAD 724,8:00 PM - 3:00 AM
Dubai,Paris,British Airways,CAD 972,4:00 AM - 4:00 PM
Dubai,Paris,United Airlines,CAD 1371,8:00 AM - 12:00 PM
Dubai,Paris,Emirates,CAD 861,9:00 AM - 10:00 AM
Dubai,Paris,Air Canada,CAD 1104,3:00 PM - 6:00 PM
Dubai,Paris,Air Canada,CAD 286,2:00 AM - 4:00 AM
Dubai,Paris,Lufthansa,CAD 878,12:00 AM - 5:00 AM
Dubai,Paris,Delta Airlines,CAD 964,3:00 PM - 2:00 AM
Dubai,Paris,United Airlines,CAD 931,8:00 PM - 8:00 AM
Dubai,Paris,United Airlines,CAD 786,5:00 PM - 3:00 AM
Dubai,Paris,Air India,CAD 749,9:00 AM - 2:00 PM
Dubai,Paris,United Airlines,CAD 994,4:00 PM - 7:00 PM
Dubai,Paris,British Airways,CAD 1376,5:00 PM - 2:00 AM
Dubai,Paris,Delta Airlines,CAD 392,7:00 PM - 7:00 AM
Dubai,Paris,Air India,CAD 809,4:00 PM - 11:00 PM
Dubai,Paris,Emirates,CAD 468,5:00 AM - 8:00 AM
Dubai,London,Emirates,CAD 900,10:00 PM - 12:00 AM
Dubai,London,Emirates,CAD 517,5:00 PM - 7:00 PM
Dubai,London,United Airlines,CAD 778,9:00 PM - 6:00 AM
Dubai,London,Air India,CAD 1489,4:00 PM - 2:00 AM
Dubai,London,United Airlines,CAD 891,1:00 AM - 10:00 AM
Dubai,London,Lufthansa,CAD 722,5:00 AM - 9:00 AM
Dubai,London,Air Canada,CAD 723,11:00 AM - 9:00 PM
Dubai,London,Emirates,CAD 1100,10:00 AM - 4:00 PM
Dubai,London,Emirates,CAD 1045,6:00 PM - 9:00 PM
Dubai,London,British Airways,CAD 1290,11:00 PM - 1:00 AM
Dubai,London,British Airways,CAD 779,12:00 AM - 7:00 AM
Dubai,London,American Airlines,CAD 1287,6:00 AM - 6:00 PM
Dubai,London,Delta Airlines,CAD 1088,5:00 AM - 7:00 AM
Dubai,London,Lufthansa,CAD 928,10:00 AM - 5:00 PM
Dubai,London,Lufthansa,CAD 805,11:00 PM - 12:00 AM
Dubai,London,Qatar Airways,CAD 399,9:00 PM - 6:00 AM
Dubai,London,American Airlines,CAD 503,4:00 PM - 2:00 AM
Dubai,London,American Airlines,CAD 770,10:00 AM - 8:00 PM
Dubai,London,Air Canada,CAD 416,6:00 PM - 7:00 PM
Dubai,London,Emirates,CAD 454,11:00 AM - 9:00 PM
Dubai,London,Air India,CAD 477,5:00 PM - 12:00 AM
Dubai,London,American Airlines,CAD 1281,4:00 AM - 7:00 AM
Dubai,London,United Airlines,CAD 435,8:00 AM - 10:00 AM
Dubai,London,Lufthansa,CAD 1422,6:00 PM - 5:00 AM
Dubai,London,British Airways,CAD 1459,5:00 AM - 7:00 AM
Dubai,London,Delta Airlines,CAD 1409,9:00 PM - 9:00 AM
Dubai,London,Qatar Airways,CAD 1099,11:00 AM - 6:00 PM
Dubai,London,Qatar Airways,CAD 1111,12:00 AM - 3:00 AM
Dubai,London,Delta Airlines,CAD 460,11:00 AM - 7:00 PM
Dubai,London,Air Canada,CAD 808,3:00 AM - 6:00 AM
Dubai,London,British Airways,CAD 553,3:00 PM - 1:00 AM
Dubai,London,Emirates,CAD 900,1:00 PM - 9:00 PM
Dubai,London,Air Canada,CAD 801,6:00 PM - 6:00 AM
Dubai,London,American Airlines,CAD 535,4:00 AM - 9:00 AM
Dubai,London,Air India,CAD 1449,4:00 AM - 1:00 PM
Dubai,London,British Airways,CAD 423,12:00 AM - 10:00 AM
Dubai,London,Air India,CAD 667,1:00 AM - 3:00 AM
Dubai,London,Lufthansa,CAD 1475,9:00 AM - 4:00 PM
Dubai,London,British Airways,CAD 1205,7:00 PM - 1:00 AM
Dubai,London,Air Canada,CAD 279,11:00 PM - 1:00 AM
Dubai,London,Lufthansa,CAD 682,10:00 AM - 2:00 PM
Dubai,London,United Airlines,CAD 397,10:00 PM - 6:00 AM
Dubai,London,Air Canada,CAD 1134,5:00 AM - 7:00 AM
Dubai,London,Air India,CAD 1335,2:00 PM - 3:00 PM
Dubai,London,Air Canada,CAD 337,12:00 AM - 3:00 AM
Dubai,London,Air India,CAD 533,10:00 PM - 5:00 AM
Dubai,London,Qatar Airways,CAD 1406,7:00 PM - 8:00 PM
Dubai,London,United Airlines,CAD 1275,12:00 AM - 6:00 AM
Dubai,London,Emirates,CAD 275,11:00 AM - 8:00 PM
Dubai,London,British Airways,CAD 874,3:00 AM - 11:00 AM
Dubai,London,Emirates,CAD 851,2:00 PM - 1:00 AM
Dubai,London,Qatar Airways,CAD 1500,11:00 AM - 8:00 PM
Dubai,London,Emirates,CAD 1454,8:00 PM - 6:00 AM
Dubai,London,Air Canada,CAD 1308,3:00 AM - 3:00 PM
Dubai,London,Air India,CAD 413,4:00 PM - 10:00 PM
Dubai,London,Qatar Airways,CAD 874,9:00 AM - 2:00 PM
Toronto,New York,Lufthansa,CAD 1433,11:00 AM - 3:00 PM
Toronto,Paris,Air Canada,CAD 627,8:00 PM - 7:00 AM
Toronto,Paris,Qatar Airways,CAD 1240,8:00 PM - 9:00 PM
Dubai,London,British Airways,CAD 700,3:00 AM - 10:00 AM
Toronto,London,Emirates,CAD 1479,5:00 AM - 5:00 PM
Dubai,New York,Lufthansa,CAD 1341,3:00 AM - 5:00 AM
