Departure Time,Arrival Time,Flight Price,Airline Name,From,To
01:52 PM,10:52 PM,586 CAD,American Airlines,Toronto,New York
04:30 PM,05:30 PM,680 CAD,Qatar Airways,Toronto,New York
06:48 AM,01:48 PM,1295 CAD,Emirates,Toronto,New York
03:38 PM,01:38 AM,1330 CAD,Air India,Toronto,New York
06:32 PM,12:32 AM,688 CAD,Delta Airlines,Toronto,New York
11:46 AM,06:46 PM,893 CAD,American Airlines,Toronto,New York
02:34 PM,01:34 AM,947 CAD,Air India,Toronto,New York
03:36 PM,05:36 PM,1300 CAD,Delta Airlines,Toronto,New York
06:36 PM,06:36 AM,383 CAD,British Airways,Toronto,New York
07:57 AM,11:57 AM,943 CAD,United Airlines,Toronto,New York
06:59 AM,05:59 PM,1413 CAD,United Airlines,Toronto,New York
11:57 AM,07:57 PM,477 CAD,Qatar Airways,Toronto,New York
05:29 AM,12:29 PM,1027 CAD,Delta Airlines,Toronto,New York
09:10 PM,06:10 AM,1170 CAD,Lufthansa,Toronto,New York
08:32 PM,05:32 AM,808 CAD,Emirates,Toronto,New York
07:21 AM,11:21 AM,1399 CAD,Lufthansa,Toronto,New York
05:30 AM,03:30 PM,1072 CAD,Qatar Airways,Toronto,New York
08:48 PM,03:48 AM,618 CAD,United Airlines,Toronto,New York
09:45 AM,08:45 PM,1110 CAD,British Airways,Toronto,New York
07:46 PM,10:46 PM,1452 CAD,Qatar Airways,Toronto,New York
05:09 AM,10:09 AM,1317 CAD,Emirates,Toronto,New York
07:13 PM,12:13 AM,550 CAD,Qatar Airways,Toronto,New York
09:06 AM,12:06 PM,280 CAD,Lufthansa,Toronto,New York
11:45 PM,09:45 AM,810 CAD,United Airlines,Toronto,New York
11:44 PM,04:44 AM,528 CAD,Lufthansa,Toronto,New York
08:44 AM,03:44 PM,941 CAD,United Airlines,Toronto,New York
06:49 AM,02:49 PM,1033 CAD,Air Canada,Toronto,New York
05:22 PM,02:22 AM,885 CAD,Air India,Toronto,New York
11:29 AM,08:29 PM,384 CAD,Air India,Toronto,New York
12:56 PM,01:56 PM,855 CAD,Air Canada,Toronto,New York
05:56 PM,10:56 PM,1020 CAD,Qatar Airways,Toronto,New York
05:18 AM,02:18 PM,1113 CAD,Qatar Airways,Toronto,New York
12:08 PM,01:08 PM,1245 CAD,Air Canada,Toronto,New York
02:20 PM,12:20 AM,1276 CAD,Lufthansa,Toronto,New York
04:54 PM,02:54 AM,437 CAD,Air Canada,Toronto,New York
05:12 PM,03:12 AM,727 CAD,American Airlines,Toronto,New York
05:38 AM,09:38 AM,773 CAD,Delta Airlines,Toronto,New York
07:42 PM,05:42 AM,512 CAD,British Airways,Toronto,New York
08:09 AM,11:09 AM,1308 CAD,Delta Airlines,Toronto,New York
11:57 PM,08:57 AM,365 CAD,Air India,Toronto,New York
05:28 AM,01:28 PM,671 CAD,British Airways,Toronto,New York
05:19 PM,09:19 PM,261 CAD,Air India,Toronto,New York
08:18 PM,05:18 AM,757 CAD,Air India,Toronto,New York
02:48 PM,09:48 PM,1335 CAD,Emirates,Toronto,New York
08:17 AM,09:17 AM,588 CAD,Lufthansa,Toronto,New York
07:53 PM,06:53 AM,1445 CAD,Emirates,Toronto,New York
12:57 PM,03:57 PM,417 CAD,United Airlines,Toronto,New York
08:03 PM,08:03 AM,562 CAD,British Airways,Toronto,New York
10:36 AM,09:36 PM,1172 CAD,Air Canada,Toronto,New York
02:51 PM,10:51 PM,572 CAD,Air Canada,Toronto,New York
10:48 AM,02:48 PM,978 CAD,British Airways,Toronto,New York
10:11 AM,03:11 PM,521 CAD,Delta Airlines,Toronto,New York
06:45 PM,05:45 AM,301 CAD,Air India,Toronto,New York
06:30 AM,12:30 PM,389 CAD,Qatar Airways,Toronto,New York
10:12 AM,12:12 PM,545 CAD,Air Canada,Toronto,New York
02:58 PM,05:58 PM,569 CAD,Air India,Toronto,New York
06:32 PM,03:32 AM,888 CAD,United Airlines,Toronto,New York
08:27 PM,06:27 AM,977 CAD,Lufthansa,Toronto,New York
05:34 PM,01:34 AM,962 CAD,Lufthansa,Toronto,New York
07:26 PM,08:26 PM,1352 CAD,American Airlines,Toronto,New York
02:15 PM,07:15 PM,1082 CAD,Qatar Airways,Toronto,New York
09:43 PM,03:43 AM,435 CAD,Lufthansa,Toronto,Paris
10:28 AM,03:28 PM,1221 CAD,Delta Airlines,Toronto,Paris
05:12 PM,02:12 AM,889 CAD,Air Canada,Toronto,Paris
02:52 PM,12:52 AM,1089 CAD,Lufthansa,Toronto,Paris
10:58 PM,11:58 PM,623 CAD,Air Canada,Toronto,Paris
08:59 PM,09:59 PM,285 CAD,American Airlines,Toronto,Paris
02:59 PM,04:59 PM,905 CAD,British Airways,Toronto,Paris
09:21 AM,06:21 PM,277 CAD,Emirates,Toronto,Paris
09:53 PM,10:53 PM,1349 CAD,Air India,Toronto,Paris
06:33 PM,08:33 PM,824 CAD,Qatar Airways,Toronto,Paris
03:52 PM,04:52 PM,485 CAD,United Airlines,Toronto,Paris
01:11 PM,06:11 PM,652 CAD,Emirates,Toronto,Paris
07:28 PM,09:28 PM,529 CAD,British Airways,Toronto,Paris
01:23 PM,04:23 PM,861 CAD,Lufthansa,Toronto,Paris
08:29 PM,06:29 AM,1172 CAD,Emirates,Toronto,Paris
05:12 AM,06:12 AM,992 CAD,British Airways,Toronto,Paris
07:31 PM,01:31 AM,1067 CAD,Air Canada,Toronto,Paris
02:59 PM,06:59 PM,802 CAD,Qatar Airways,Toronto,Paris
12:32 PM,11:32 PM,651 CAD,Air Canada,Toronto,Paris
11:20 PM,11:20 AM,753 CAD,British Airways,Toronto,Paris
07:34 PM,02:34 AM,515 CAD,British Airways,Toronto,Paris
10:05 PM,09:05 AM,532 CAD,Lufthansa,Toronto,Paris
03:46 PM,02:46 AM,972 CAD,American Airlines,Toronto,Paris
01:29 PM,03:29 PM,360 CAD,Emirates,Toronto,Paris
10:01 AM,03:01 PM,1218 CAD,Lufthansa,Toronto,Paris
10:42 PM,11:42 PM,1342 CAD,Qatar Airways,Toronto,Paris
09:23 AM,06:23 PM,1010 CAD,British Airways,Toronto,Paris
02:46 PM,11:46 PM,738 CAD,Delta Airlines,Toronto,Paris
11:32 AM,03:32 PM,591 CAD,Lufthansa,Toronto,Paris
05:26 PM,11:26 PM,1407 CAD,British Airways,Toronto,Paris
06:14 PM,06:14 AM,695 CAD,United Airlines,Toronto,Paris
10:00 PM,07:00 AM,1230 CAD,Air Canada,Toronto,Paris
06:29 AM,07:29 AM,1453 CAD,Lufthansa,Toronto,Paris
11:28 AM,05:28 PM,257 CAD,British Airways,Toronto,Paris
03:50 PM,05:50 PM,545 CAD,Delta Airlines,Toronto,Paris
05:59 AM,04:59 PM,266 CAD,American Airlines,Toronto,Paris
03:29 PM,11:29 PM,672 CAD,Air India,Toronto,Paris
02:11 PM,05:11 PM,675 CAD,Air Canada,Toronto,Paris
04:31 PM,12:31 AM,1493 CAD,Air India,Toronto,Paris
07:17 AM,01:17 PM,863 CAD,Air India,Toronto,Paris
08:22 PM,10:22 PM,797 CAD,United Airlines,Toronto,Paris
08:24 AM,11:24 AM,697 CAD,Air Canada,Toronto,Paris
05:27 PM,11:27 PM,630 CAD,American Airlines,Toronto,Paris
12:08 PM,01:08 PM,624 CAD,Air India,Toronto,Paris
04:52 PM,06:52 PM,930 CAD,Air Canada,Toronto,Paris
09:53 PM,01:53 AM,1120 CAD,Qatar Airways,Toronto,Paris
10:33 AM,05:33 PM,1297 CAD,Emirates,Toronto,Paris
09:24 PM,12:24 AM,1171 CAD,Emirates,Toronto,Paris
03:16 PM,06:16 PM,693 CAD,British Airways,Toronto,Paris
01:16 PM,12:16 AM,1318 CAD,Lufthansa,Toronto,Paris
05:13 PM,11:13 PM,1492 CAD,Emirates,Toronto,Paris
06:33 PM,01:33 AM,796 CAD,American Airlines,Toronto,Paris
05:01 AM,08:01 AM,1332 CAD,Air Canada,Toronto,Paris
06:43 AM,06:43 PM,1055 CAD,Emirates,Toronto,Paris
09:23 PM,08:23 AM,645 CAD,Air India,Toronto,Paris
11:40 AM,05:40 PM,1063 CAD,Emirates,Toronto,Paris
10:11 AM,07:11 PM,439 CAD,Air Canada,Toronto,Paris
12:48 PM,12:48 AM,614 CAD,Air Canada,Toronto,Paris
01:49 PM,12:49 AM,1477 CAD,Air India,Toronto,Paris
08:58 AM,08:58 PM,414 CAD,British Airways,Toronto,Paris
05:40 PM,02:40 AM,1437 CAD,British Airways,Toronto,Paris
04:00 PM,10:00 PM,716 CAD,British Airways,Toronto,London
11:16 PM,04:16 AM,546 CAD,Air India,Toronto,London
11:12 PM,03:12 AM,1159 CAD,Emirates,Toronto,London
12:52 PM,07:52 PM,778 CAD,Delta Airlines,Toronto,London
11:29 PM,08:29 AM,746 CAD,Lufthansa,Toronto,London
06:00 PM,09:00 PM,734 CAD,Qatar Airways,Toronto,London
07:24 PM,11:24 PM,333 CAD,Air Canada,Toronto,London
11:34 PM,04:34 AM,1332 CAD,Qatar Airways,Toronto,London
07:26 PM,12:26 AM,727 CAD,United Airlines,Toronto,London
10:46 PM,01:46 AM,1080 CAD,Delta Airlines,Toronto,London
03:18 PM,09:18 PM,806 CAD,Delta Airlines,Toronto,London
02:34 PM,12:34 AM,1398 CAD,Qatar Airways,Toronto,London
02:49 PM,07:49 PM,428 CAD,United Airlines,Toronto,London
07:31 PM,08:31 PM,617 CAD,Lufthansa,Toronto,London
07:23 AM,08:23 AM,327 CAD,Delta Airlines,Toronto,London
05:13 PM,05:13 AM,480 CAD,Emirates,Toronto,London
12:47 PM,12:47 AM,382 CAD,Delta Airlines,Toronto,London
10:03 PM,11:03 PM,1235 CAD,Qatar Airways,Toronto,London
07:02 PM,01:02 AM,1208 CAD,United Airlines,Toronto,London
12:58 PM,01:58 PM,1134 CAD,United Airlines,Toronto,London
03:16 PM,01:16 AM,583 CAD,Qatar Airways,Toronto,London
05:34 PM,07:34 PM,588 CAD,American Airlines,Toronto,London
02:09 PM,12:09 AM,251 CAD,American Airlines,Toronto,London
01:48 PM,10:48 PM,696 CAD,American Airlines,Toronto,London
01:23 PM,06:23 PM,510 CAD,Lufthansa,Toronto,London
09:35 AM,05:35 PM,299 CAD,United Airlines,Toronto,London
05:29 AM,05:29 PM,879 CAD,Lufthansa,Toronto,London
02:33 PM,08:33 PM,301 CAD,Lufthansa,Toronto,London
02:27 PM,06:27 PM,458 CAD,Delta Airlines,Toronto,London
08:05 AM,09:05 AM,816 CAD,Air Canada,Toronto,London
08:59 AM,04:59 PM,1103 CAD,Delta Airlines,Toronto,London
09:22 PM,01:22 AM,1035 CAD,Emirates,Toronto,London
04:43 PM,06:43 PM,1451 CAD,Lufthansa,Toronto,London
11:47 AM,09:47 PM,729 CAD,Air Canada,Toronto,London
06:14 PM,09:14 PM,938 CAD,Lufthansa,Toronto,London
11:44 PM,12:44 AM,512 CAD,Lufthansa,Toronto,London
05:44 PM,09:44 PM,447 CAD,United Airlines,Toronto,London
06:17 AM,07:17 AM,1100 CAD,Emirates,Toronto,London
11:12 AM,01:12 PM,616 CAD,Delta Airlines,Toronto,London
08:48 PM,08:48 AM,1347 CAD,Lufthansa,Toronto,London
12:58 PM,07:58 PM,368 CAD,Emirates,Toronto,London
09:25 PM,09:25 AM,375 CAD,Air India,Toronto,London
08:30 PM,10:30 PM,956 CAD,American Airlines,Toronto,London
07:59 PM,01:59 AM,1003 CAD,American Airlines,Toronto,London
05:43 PM,07:43 PM,1156 CAD,Qatar Airways,Toronto,London
12:49 PM,08:49 PM,989 CAD,Delta Airlines,Toronto,London
04:09 PM,02:09 AM,1022 CAD,American Airlines,Toronto,London
08:52 AM,01:52 PM,914 CAD,United Airlines,Toronto,London
07:05 AM,11:05 AM,627 CAD,Lufthansa,Toronto,London
05:44 AM,02:44 PM,1027 CAD,Qatar Airways,Toronto,London
07:05 PM,09:05 PM,620 CAD,British Airways,Toronto,London
10:29 AM,08:29 PM,571 CAD,American Airlines,Toronto,London
10:14 PM,05:14 AM,1102 CAD,United Airlines,Toronto,London
06:05 AM,09:05 AM,821 CAD,Delta Airlines,Toronto,London
02:16 PM,10:16 PM,1112 CAD,American Airlines,Toronto,London
03:43 PM,02:43 AM,1141 CAD,Emirates,Toronto,London
09:48 AM,06:48 PM,464 CAD,British Airways,Toronto,London
01:27 PM,01:27 AM,1264 CAD,United Airlines,Toronto,London
07:47 AM,01:47 PM,1261 CAD,Lufthansa,Toronto,London
12:45 PM,08:45 PM,1316 CAD,Qatar Airways,Toronto,London
02:43 PM,11:43 PM,1365 CAD,Qatar Airways,Toronto,London
06:30 AM,07:30 AM,1223 CAD,United Airlines,Delhi,New York
01:51 PM,10:51 PM,1190 CAD,British Airways,Delhi,New York
07:34 PM,01:34 AM,677 CAD,Emirates,Delhi,New York
09:46 PM,05:46 AM,664 CAD,Delta Airlines,Delhi,New York
01:59 PM,11:59 PM,1108 CAD,Delta Airlines,Delhi,New York
09:27 PM,07:27 AM,659 CAD,American Airlines,Delhi,New York
11:25 PM,09:25 AM,1127 CAD,British Airways,Delhi,New York
09:49 AM,07:49 PM,1015 CAD,American Airlines,Delhi,New York
06:50 AM,03:50 PM,490 CAD,United Airlines,Delhi,New York
03:33 PM,02:33 AM,257 CAD,Emirates,Delhi,New York
10:13 AM,03:13 PM,807 CAD,Delta Airlines,Delhi,New York
02:29 PM,10:29 PM,272 CAD,Emirates,Delhi,New York
09:08 AM,12:08 PM,495 CAD,Air India,Delhi,New York
06:49 AM,01:49 PM,1214 CAD,British Airways,Delhi,New York
02:11 PM,02:11 AM,459 CAD,Qatar Airways,Delhi,New York
04:15 PM,06:15 PM,1062 CAD,Qatar Airways,Delhi,New York
09:08 AM,05:08 PM,693 CAD,Qatar Airways,Delhi,New York
11:48 PM,12:48 AM,1057 CAD,American Airlines,Delhi,New York
03:10 PM,07:10 PM,782 CAD,Delta Airlines,Delhi,New York
10:00 PM,04:00 AM,1498 CAD,Delta Airlines,Delhi,New York
07:12 PM,09:12 PM,856 CAD,United Airlines,Delhi,New York
05:53 PM,10:53 PM,938 CAD,Air India,Delhi,New York
04:12 PM,03:12 AM,1267 CAD,Lufthansa,Delhi,New York
04:03 PM,04:03 AM,1492 CAD,Emirates,Delhi,New York
08:13 PM,10:13 PM,1159 CAD,United Airlines,Delhi,New York
12:06 PM,01:06 PM,1150 CAD,British Airways,Delhi,New York
03:03 PM,06:03 PM,413 CAD,United Airlines,Delhi,New York
05:03 AM,06:03 AM,412 CAD,Lufthansa,Delhi,New York
12:49 PM,12:49 AM,1364 CAD,American Airlines,Delhi,New York
07:11 AM,11:11 AM,597 CAD,Lufthansa,Delhi,New York
12:35 PM,03:35 PM,938 CAD,United Airlines,Delhi,New York
09:57 AM,04:57 PM,1208 CAD,American Airlines,Delhi,New York
05:23 PM,01:23 AM,905 CAD,Delta Airlines,Delhi,New York
04:19 PM,12:19 AM,1428 CAD,Air India,Delhi,New York
06:09 PM,07:09 PM,1374 CAD,Lufthansa,Delhi,New York
11:28 PM,03:28 AM,760 CAD,American Airlines,Delhi,New York
02:45 PM,12:45 AM,647 CAD,Air Canada,Delhi,New York
11:27 AM,11:27 PM,656 CAD,Emirates,Delhi,New York
09:25 AM,08:25 PM,340 CAD,Lufthansa,Delhi,New York
09:22 AM,11:22 AM,1125 CAD,Air India,Delhi,New York
09:15 PM,04:15 AM,1095 CAD,Emirates,Delhi,New York
07:32 PM,01:32 AM,979 CAD,Lufthansa,Delhi,New York
02:55 PM,08:55 PM,1458 CAD,Air Canada,Delhi,New York
10:31 PM,10:31 AM,291 CAD,Emirates,Delhi,New York
08:25 PM,02:25 AM,1377 CAD,Emirates,Delhi,New York
11:01 AM,01:01 PM,1084 CAD,Air Canada,Delhi,New York
11:13 PM,08:13 AM,1159 CAD,Air Canada,Delhi,New York
06:36 PM,10:36 PM,943 CAD,Delta Airlines,Delhi,New York
01:14 PM,05:14 PM,258 CAD,Air India,Delhi,New York
10:55 PM,06:55 AM,736 CAD,British Airways,Delhi,New York
01:23 PM,09:23 PM,367 CAD,United Airlines,Delhi,New York
10:35 AM,04:35 PM,578 CAD,Air Canada,Delhi,New York
06:15 PM,05:15 AM,905 CAD,Air Canada,Delhi,New York
06:09 AM,09:09 AM,325 CAD,Air Canada,Delhi,New York
06:48 AM,06:48 PM,640 CAD,Emirates,Delhi,New York
11:41 AM,02:41 PM,601 CAD,Air India,Delhi,New York
09:13 PM,01:13 AM,736 CAD,American Airlines,Delhi,New York
09:00 AM,03:00 PM,269 CAD,Delta Airlines,Delhi,New York
09:53 PM,10:53 PM,568 CAD,Lufthansa,Delhi,New York
09:48 AM,01:48 PM,1066 CAD,Air India,Delhi,New York
05:22 AM,05:22 PM,761 CAD,Delta Airlines,Delhi,New York
08:11 PM,01:11 AM,314 CAD,United Airlines,Delhi,Paris
04:55 PM,05:55 PM,317 CAD,Air Canada,Delhi,Paris
05:03 AM,10:03 AM,1229 CAD,Qatar Airways,Delhi,Paris
11:57 PM,05:57 AM,1476 CAD,Delta Airlines,Delhi,Paris
07:33 AM,10:33 AM,742 CAD,United Airlines,Delhi,Paris
01:25 PM,12:25 AM,1219 CAD,Delta Airlines,Delhi,Paris
11:05 AM,11:05 PM,990 CAD,Qatar Airways,Delhi,Paris
01:31 PM,05:31 PM,691 CAD,Air India,Delhi,Paris
04:37 PM,12:37 AM,1399 CAD,American Airlines,Delhi,Paris
01:34 PM,06:34 PM,349 CAD,Qatar Airways,Delhi,Paris
04:49 PM,11:49 PM,925 CAD,United Airlines,Delhi,Paris
11:06 PM,07:06 AM,899 CAD,Delta Airlines,Delhi,Paris
06:20 PM,03:20 AM,438 CAD,Air India,Delhi,Paris
11:23 PM,08:23 AM,1168 CAD,United Airlines,Delhi,Paris
10:37 PM,05:37 AM,950 CAD,Emirates,Delhi,Paris
10:38 PM,11:38 PM,1433 CAD,Air India,Delhi,Paris
08:37 PM,03:37 AM,649 CAD,Qatar Airways,Delhi,Paris
03:37 PM,09:37 PM,287 CAD,Qatar Airways,Delhi,Paris
10:52 AM,12:52 PM,1170 CAD,Emirates,Delhi,Paris
09:23 PM,03:23 AM,1085 CAD,United Airlines,Delhi,Paris
03:23 PM,10:23 PM,550 CAD,Emirates,Delhi,Paris
04:55 PM,12:55 AM,447 CAD,United Airlines,Delhi,Paris
06:57 AM,06:57 PM,1419 CAD,Lufthansa,Delhi,Paris
02:48 PM,11:48 PM,825 CAD,Air Canada,Delhi,Paris
03:27 PM,11:27 PM,800 CAD,United Airlines,Delhi,Paris
06:30 AM,04:30 PM,1426 CAD,British Airways,Delhi,Paris
08:01 AM,10:01 AM,489 CAD,American Airlines,Delhi,Paris
05:23 AM,06:23 AM,501 CAD,Emirates,Delhi,Paris
07:54 AM,08:54 AM,1367 CAD,Air Canada,Delhi,Paris
08:30 AM,09:30 AM,313 CAD,British Airways,Delhi,Paris
05:24 AM,03:24 PM,407 CAD,Emirates,Delhi,Paris
05:34 AM,09:34 AM,580 CAD,American Airlines,Delhi,Paris
10:27 PM,02:27 AM,541 CAD,United Airlines,Delhi,Paris
08:27 PM,04:27 AM,1279 CAD,Air India,Delhi,Paris
10:44 PM,01:44 AM,1042 CAD,United Airlines,Delhi,Paris
05:36 PM,08:36 PM,370 CAD,Emirates,Delhi,Paris
08:30 PM,11:30 PM,1238 CAD,British Airways,Delhi,Paris
11:59 AM,10:59 PM,876 CAD,Air Canada,Delhi,Paris
06:48 AM,11:48 AM,1428 CAD,Delta Airlines,Delhi,Paris
10:37 AM,08:37 PM,731 CAD,Lufthansa,Delhi,Paris
09:54 AM,05:54 PM,1351 CAD,Qatar Airways,Delhi,Paris
08:45 PM,04:45 AM,766 CAD,United Airlines,Delhi,Paris
07:24 PM,08:24 PM,1109 CAD,Qatar Airways,Delhi,Paris
08:07 AM,03:07 PM,1445 CAD,Qatar Airways,Delhi,Paris
06:46 PM,05:46 AM,755 CAD,Emirates,Delhi,Paris
04:35 PM,12:35 AM,571 CAD,Qatar Airways,Delhi,Paris
01:55 PM,08:55 PM,858 CAD,Air India,Delhi,Paris
08:41 AM,11:41 AM,1117 CAD,British Airways,Delhi,Paris
11:03 AM,01:03 PM,307 CAD,Air India,Delhi,Paris
10:46 PM,10:46 AM,687 CAD,Lufthansa,Delhi,Paris
06:52 AM,04:52 PM,1416 CAD,Lufthansa,Delhi,Paris
07:42 AM,06:42 PM,1184 CAD,Air Canada,Delhi,Paris
02:17 PM,03:17 PM,1310 CAD,Qatar Airways,Delhi,Paris
08:53 AM,08:53 PM,632 CAD,Delta Airlines,Delhi,Paris
11:34 AM,01:34 PM,464 CAD,Emirates,Delhi,Paris
08:09 PM,08:09 AM,766 CAD,Qatar Airways,Delhi,Paris
01:48 PM,10:48 PM,1166 CAD,Delta Airlines,Delhi,Paris
11:25 PM,07:25 AM,911 CAD,Air India,Delhi,Paris
11:16 PM,06:16 AM,915 CAD,Lufthansa,Delhi,Paris
05:47 AM,08:47 AM,773 CAD,United Airlines,Delhi,Paris
06:38 PM,01:38 AM,360 CAD,United Airlines,Delhi,Paris
09:50 AM,07:50 PM,1476 CAD,Air Canada,Delhi,London
03:33 PM,08:33 PM,601 CAD,Lufthansa,Delhi,London
10:10 PM,09:10 AM,302 CAD,Lufthansa,Delhi,London
05:16 PM,04:16 AM,443 CAD,American Airlines,Delhi,London
08:58 AM,04:58 PM,802 CAD,American Airlines,Delhi,London
10:23 PM,02:23 AM,1108 CAD,Lufthansa,Delhi,London
09:13 PM,08:13 AM,258 CAD,Qatar Airways,Delhi,London
10:30 AM,08:30 PM,741 CAD,Delta Airlines,Delhi,London
05:42 AM,03:42 PM,1446 CAD,United Airlines,Delhi,London
06:09 AM,05:09 PM,615 CAD,Lufthansa,Delhi,London
06:21 AM,03:21 PM,941 CAD,Air Canada,Delhi,London
07:44 PM,08:44 PM,818 CAD,United Airlines,Delhi,London
11:44 AM,04:44 PM,816 CAD,Lufthansa,Delhi,London
09:48 AM,02:48 PM,989 CAD,United Airlines,Delhi,London
11:52 PM,12:52 AM,885 CAD,Emirates,Delhi,London
11:43 AM,06:43 PM,1431 CAD,Air India,Delhi,London
03:37 PM,12:37 AM,287 CAD,Delta Airlines,Delhi,London
12:18 PM,03:18 PM,603 CAD,Qatar Airways,Delhi,London
04:43 PM,01:43 AM,550 CAD,Qatar Airways,Delhi,London
07:06 PM,09:06 PM,1300 CAD,Emirates,Delhi,London
09:59 PM,07:59 AM,682 CAD,Air Canada,Delhi,London
04:56 PM,04:56 AM,708 CAD,American Airlines,Delhi,London
07:42 PM,12:42 AM,1226 CAD,American Airlines,Delhi,London
01:23 PM,10:23 PM,891 CAD,Air Canada,Delhi,London
04:20 PM,07:20 PM,813 CAD,Air India,Delhi,London
02:22 PM,12:22 AM,740 CAD,Air India,Delhi,London
06:52 AM,12:52 PM,1233 CAD,Lufthansa,Delhi,London
02:26 PM,11:26 PM,1083 CAD,British Airways,Delhi,London
09:23 AM,01:23 PM,1040 CAD,Air India,Delhi,London
03:12 PM,07:12 PM,562 CAD,Qatar Airways,Delhi,London
08:38 PM,11:38 PM,1159 CAD,American Airlines,Delhi,London
10:13 PM,03:13 AM,1293 CAD,British Airways,Delhi,London
11:57 PM,12:57 AM,974 CAD,Air Canada,Delhi,London
07:52 PM,08:52 PM,493 CAD,Lufthansa,Delhi,London
10:49 PM,04:49 AM,1136 CAD,United Airlines,Delhi,London
10:01 AM,02:01 PM,938 CAD,Qatar Airways,Delhi,London
06:51 AM,11:51 AM,541 CAD,Lufthansa,Delhi,London
05:24 PM,12:24 AM,1177 CAD,British Airways,Delhi,London
08:47 AM,01:47 PM,1351 CAD,Delta Airlines,Delhi,London
08:14 PM,08:14 AM,618 CAD,Air India,Delhi,London
11:11 AM,10:11 PM,365 CAD,American Airlines,Delhi,London
06:33 PM,04:33 AM,763 CAD,Emirates,Delhi,London
06:26 AM,06:26 PM,589 CAD,United Airlines,Delhi,London
04:30 PM,10:30 PM,1355 CAD,Emirates,Delhi,London
02:31 PM,10:31 PM,525 CAD,Air India,Delhi,London
04:05 PM,04:05 AM,1163 CAD,Delta Airlines,Delhi,London
01:40 PM,01:40 AM,976 CAD,American Airlines,Delhi,London
06:29 PM,01:29 AM,703 CAD,Air India,Delhi,London
11:24 AM,10:24 PM,1047 CAD,Air India,Delhi,London
08:35 AM,10:35 AM,382 CAD,Delta Airlines,Delhi,London
07:50 PM,04:50 AM,709 CAD,Lufthansa,Delhi,London
08:59 PM,04:59 AM,934 CAD,Emirates,Delhi,London
08:13 PM,07:13 AM,640 CAD,Air India,Delhi,London
04:10 PM,08:10 PM,834 CAD,Air India,Delhi,London
04:55 PM,09:55 PM,547 CAD,Air India,Delhi,London
06:13 AM,06:13 PM,374 CAD,American Airlines,Delhi,London
03:17 PM,06:17 PM,304 CAD,United Airlines,Delhi,London
04:47 PM,06:47 PM,1214 CAD,Lufthansa,Delhi,London
11:15 PM,04:15 AM,1037 CAD,Air India,Delhi,London
07:49 PM,03:49 AM,1052 CAD,American Airlines,Delhi,London
08:20 AM,07:20 PM,1424 CAD,Lufthansa,Delhi,London
08:41 AM,08:41 PM,379 CAD,British Airways,Dubai,New York
05:58 PM,11:58 PM,250 CAD,Emirates,Dubai,New York
08:59 AM,12:59 PM,1053 CAD,Air India,Dubai,New York
09:49 AM,08:49 PM,324 CAD,Lufthansa,Dubai,New York
02:55 PM,09:55 PM,723 CAD,Qatar Airways,Dubai,New York
11:27 PM,09:27 AM,491 CAD,Emirates,Dubai,New York
11:39 PM,02:39 AM,327 CAD,Emirates,Dubai,New York
12:16 PM,03:16 PM,760 CAD,Emirates,Dubai,New York
06:24 AM,12:24 PM,453 CAD,British Airways,Dubai,New York
04:53 PM,01:53 AM,1151 CAD,Air Canada,Dubai,New York
04:23 PM,09:23 PM,1025 CAD,United Airlines,Dubai,New York
03:45 PM,06:45 PM,998 CAD,Emirates,Dubai,New York
04:41 PM,08:41 PM,1401 CAD,Qatar Airways,Dubai,New York
04:18 PM,03:18 AM,302 CAD,British Airways,Dubai,New York
02:32 PM,07:32 PM,589 CAD,Emirates,Dubai,New York
03:50 PM,12:50 AM,654 CAD,Lufthansa,Dubai,New York
11:17 AM,03:17 PM,625 CAD,United Airlines,Dubai,New York
05:53 AM,05:53 PM,897 CAD,Air India,Dubai,New York
09:10 PM,03:10 AM,616 CAD,British Airways,Dubai,New York
03:28 PM,10:28 PM,1306 CAD,British Airways,Dubai,New York
07:17 AM,12:17 PM,985 CAD,Qatar Airways,Dubai,New York
01:17 PM,04:17 PM,1310 CAD,Air Canada,Dubai,New York
10:05 PM,12:05 AM,353 CAD,Lufthansa,Dubai,New York
04:27 PM,08:27 PM,756 CAD,Emirates,Dubai,New York
04:47 PM,08:47 PM,658 CAD,Air Canada,Dubai,New York
06:48 AM,01:48 PM,335 CAD,Delta Airlines,Dubai,New York
04:12 PM,06:12 PM,1226 CAD,Air India,Dubai,New York
09:34 AM,09:34 PM,1403 CAD,Lufthansa,Dubai,New York
05:48 AM,02:48 PM,872 CAD,Emirates,Dubai,New York
06:52 PM,03:52 AM,1386 CAD,Emirates,Dubai,New York
10:45 PM,09:45 AM,564 CAD,Emirates,Dubai,New York
08:15 AM,03:15 PM,537 CAD,Emirates,Dubai,New York
01:54 PM,03:54 PM,1292 CAD,Air Canada,Dubai,New York
05:50 AM,12:50 PM,799 CAD,Qatar Airways,Dubai,New York
12:09 PM,05:09 PM,988 CAD,British Airways,Dubai,New York
08:27 AM,06:27 PM,261 CAD,Qatar Airways,Dubai,New York
11:08 PM,10:08 AM,791 CAD,Qatar Airways,Dubai,New York
10:29 PM,08:29 AM,793 CAD,United Airlines,Dubai,New York
10:07 AM,10:07 PM,626 CAD,United Airlines,Dubai,New York
06:48 PM,12:48 AM,1499 CAD,Air India,Dubai,New York
09:03 PM,01:03 AM,1381 CAD,British Airways,Dubai,New York
06:30 AM,11:30 AM,1339 CAD,Air Canada,Dubai,New York
09:26 PM,05:26 AM,338 CAD,Lufthansa,Dubai,New York
08:47 PM,11:47 PM,368 CAD,Emirates,Dubai,New York
05:59 PM,03:59 AM,367 CAD,Air Canada,Dubai,New York
07:11 PM,09:11 PM,1456 CAD,Emirates,Dubai,New York
11:54 AM,09:54 PM,1474 CAD,Delta Airlines,Dubai,New York
07:45 AM,07:45 PM,1496 CAD,Air India,Dubai,New York
02:11 PM,12:11 AM,684 CAD,Delta Airlines,Dubai,New York
07:57 PM,09:57 PM,709 CAD,Air India,Dubai,New York
12:51 PM,05:51 PM,752 CAD,Delta Airlines,Dubai,New York
07:58 AM,12:58 PM,517 CAD,United Airlines,Dubai,New York
03:45 PM,09:45 PM,533 CAD,Air Canada,Dubai,New York
11:28 AM,10:28 PM,1203 CAD,Qatar Airways,Dubai,New York
11:08 PM,11:08 AM,829 CAD,Lufthansa,Dubai,New York
07:13 PM,11:13 PM,1046 CAD,Delta Airlines,Dubai,New York
06:12 PM,09:12 PM,776 CAD,Qatar Airways,Dubai,New York
09:51 PM,02:51 AM,1247 CAD,Air Canada,Dubai,New York
03:36 PM,01:36 AM,512 CAD,Delta Airlines,Dubai,New York
05:10 AM,07:10 AM,712 CAD,Qatar Airways,Dubai,New York
08:47 AM,09:47 AM,973 CAD,United Airlines,Dubai,New York
09:38 AM,03:38 PM,824 CAD,British Airways,Dubai,Paris
07:11 PM,04:11 AM,1260 CAD,Emirates,Dubai,Paris
09:04 AM,07:04 PM,752 CAD,Air Canada,Dubai,Paris
07:55 PM,02:55 AM,337 CAD,United Airlines,Dubai,Paris
11:55 AM,12:55 PM,344 CAD,Air India,Dubai,Paris
07:54 PM,11:54 PM,873 CAD,Delta Airlines,Dubai,Paris
02:59 PM,10:59 PM,592 CAD,Air Canada,Dubai,Paris
08:55 AM,01:55 PM,287 CAD,United Airlines,Dubai,Paris
06:55 PM,04:55 AM,596 CAD,Emirates,Dubai,Paris
06:59 PM,06:59 AM,950 CAD,United Airlines,Dubai,Paris
04:14 PM,10:14 PM,901 CAD,Emirates,Dubai,Paris
06:03 PM,03:03 AM,341 CAD,British Airways,Dubai,Paris
06:02 AM,11:02 AM,397 CAD,United Airlines,Dubai,Paris
05:43 PM,11:43 PM,576 CAD,American Airlines,Dubai,Paris
06:00 AM,02:00 PM,306 CAD,Air India,Dubai,Paris
07:03 AM,09:03 AM,1248 CAD,Qatar Airways,Dubai,Paris
05:31 PM,05:31 AM,1381 CAD,Qatar Airways,Dubai,Paris
05:45 PM,11:45 PM,538 CAD,Air Canada,Dubai,Paris
03:21 PM,06:21 PM,1444 CAD,Lufthansa,Dubai,Paris
02:17 PM,09:17 PM,1484 CAD,British Airways,Dubai,Paris
08:12 PM,01:12 AM,751 CAD,United Airlines,Dubai,Paris
06:55 PM,04:55 AM,1278 CAD,Delta Airlines,Dubai,Paris
06:28 AM,08:28 AM,959 CAD,Emirates,Dubai,Paris
10:32 AM,10:32 PM,840 CAD,Air India,Dubai,Paris
05:11 PM,11:11 PM,1256 CAD,Lufthansa,Dubai,Paris
06:32 PM,09:32 PM,1039 CAD,Air Canada,Dubai,Paris
09:10 PM,03:10 AM,804 CAD,Emirates,Dubai,Paris
08:30 AM,09:30 AM,366 CAD,Air Canada,Dubai,Paris
06:03 AM,02:03 PM,1434 CAD,United Airlines,Dubai,Paris
10:14 AM,11:14 AM,716 CAD,American Airlines,Dubai,Paris
10:21 AM,04:21 PM,1296 CAD,United Airlines,Dubai,Paris
10:52 AM,08:52 PM,1434 CAD,Delta Airlines,Dubai,Paris
08:04 PM,12:04 AM,1404 CAD,Delta Airlines,Dubai,Paris
05:39 AM,05:39 PM,1064 CAD,United Airlines,Dubai,Paris
07:54 AM,07:54 PM,1020 CAD,Lufthansa,Dubai,Paris
06:00 PM,05:00 AM,607 CAD,Qatar Airways,Dubai,Paris
10:58 AM,03:58 PM,830 CAD,Air Canada,Dubai,Paris
05:30 PM,03:30 AM,1089 CAD,Air India,Dubai,Paris
10:41 AM,08:41 PM,448 CAD,Air Canada,Dubai,Paris
05:07 PM,04:07 AM,1081 CAD,American Airlines,Dubai,Paris
05:36 AM,04:36 PM,488 CAD,British Airways,Dubai,Paris
01:10 PM,10:10 PM,1305 CAD,Air Canada,Dubai,Paris
12:02 PM,05:02 PM,821 CAD,Air India,Dubai,Paris
02:31 PM,05:31 PM,1217 CAD,Air India,Dubai,Paris
09:48 PM,03:48 AM,908 CAD,Air Canada,Dubai,Paris
09:27 PM,07:27 AM,1064 CAD,Delta Airlines,Dubai,Paris
05:09 AM,12:09 PM,1012 CAD,British Airways,Dubai,Paris
04:50 PM,01:50 AM,980 CAD,United Airlines,Dubai,Paris
06:39 PM,10:39 PM,1346 CAD,Air India,Dubai,Paris
02:46 PM,07:46 PM,442 CAD,British Airways,Dubai,Paris
09:28 PM,11:28 PM,259 CAD,Qatar Airways,Dubai,Paris
08:00 PM,02:00 AM,1345 CAD,British Airways,Dubai,Paris
10:04 PM,04:04 AM,1265 CAD,Air India,Dubai,Paris
11:47 PM,08:47 AM,900 CAD,Air Canada,Dubai,Paris
06:26 AM,03:26 PM,250 CAD,Lufthansa,Dubai,Paris
10:24 PM,12:24 AM,1266 CAD,Emirates,Dubai,Paris
05:14 AM,07:14 AM,667 CAD,Lufthansa,Dubai,Paris
12:04 PM,05:04 PM,528 CAD,British Airways,Dubai,Paris
08:02 PM,02:02 AM,483 CAD,American Airlines,Dubai,Paris
01:16 PM,01:16 AM,1193 CAD,Lufthansa,Dubai,Paris
04:13 PM,02:13 AM,798 CAD,Qatar Airways,Dubai,Paris
11:45 AM,10:45 PM,1005 CAD,Lufthansa,Dubai,London
03:40 PM,10:40 PM,1303 CAD,Air India,Dubai,London
07:09 AM,08:09 AM,863 CAD,Air Canada,Dubai,London
10:06 AM,02:06 PM,1441 CAD,United Airlines,Dubai,London
10:19 PM,12:19 AM,757 CAD,Lufthansa,Dubai,London
06:05 PM,02:05 AM,819 CAD,Lufthansa,Dubai,London
05:33 PM,06:33 PM,683 CAD,Lufthansa,Dubai,London
11:49 AM,01:49 PM,330 CAD,Air Canada,Dubai,London
01:51 PM,03:51 PM,1082 CAD,Air Canada,Dubai,London
02:17 PM,09:17 PM,298 CAD,Delta Airlines,Dubai,London
11:19 AM,03:19 PM,738 CAD,Emirates,Dubai,London
01:41 PM,09:41 PM,526 CAD,British Airways,Dubai,London
07:45 AM,12:45 PM,1333 CAD,Air Canada,Dubai,London
01:49 PM,12:49 AM,781 CAD,British Airways,Dubai,London
07:31 PM,10:31 PM,965 CAD,Delta Airlines,Dubai,London
01:31 PM,10:31 PM,798 CAD,United Airlines,Dubai,London
02:06 PM,10:06 PM,1257 CAD,American Airlines,Dubai,London
10:49 AM,11:49 AM,817 CAD,Delta Airlines,Dubai,London
08:50 PM,12:50 AM,1455 CAD,Qatar Airways,Dubai,London
07:33 PM,12:33 AM,365 CAD,Delta Airlines,Dubai,London
10:53 AM,08:53 PM,1233 CAD,American Airlines,Dubai,London
07:24 AM,09:24 AM,1039 CAD,British Airways,Dubai,London
11:18 AM,03:18 PM,1177 CAD,Qatar Airways,Dubai,London
10:16 AM,02:16 PM,1054 CAD,American Airlines,Dubai,London
06:16 PM,08:16 PM,1467 CAD,Air India,Dubai,London
09:35 AM,05:35 PM,525 CAD,Air Canada,Dubai,London
11:24 AM,05:24 PM,1424 CAD,Air Canada,Dubai,London
08:21 PM,08:21 AM,1131 CAD,British Airways,Dubai,London
06:08 PM,05:08 AM,1265 CAD,Lufthansa,Dubai,London
08:52 AM,09:52 AM,548 CAD,United Airlines,Dubai,London
07:52 AM,04:52 PM,933 CAD,Air Canada,Dubai,London
07:59 AM,11:59 AM,800 CAD,British Airways,Dubai,London
03:05 PM,10:05 PM,1410 CAD,Lufthansa,Dubai,London
11:29 PM,08:29 AM,1438 CAD,American Airlines,Dubai,London
02:22 PM,12:22 AM,981 CAD,Qatar Airways,Dubai,London
07:03 PM,10:03 PM,627 CAD,Delta Airlines,Dubai,London
11:39 PM,04:39 AM,550 CAD,Delta Airlines,Dubai,London
10:12 AM,04:12 PM,526 CAD,Lufthansa,Dubai,London
07:41 AM,01:41 PM,648 CAD,Air India,Dubai,London
12:12 PM,11:12 PM,1241 CAD,Lufthansa,Dubai,London
06:38 AM,09:38 AM,765 CAD,British Airways,Dubai,London
10:40 AM,09:40 PM,929 CAD,Emirates,Dubai,London
10:21 PM,03:21 AM,1286 CAD,Lufthansa,Dubai,London
04:58 PM,11:58 PM,1134 CAD,United Airlines,Dubai,London
12:32 PM,07:32 PM,1331 CAD,Emirates,Dubai,London
11:10 AM,01:10 PM,611 CAD,American Airlines,Dubai,London
04:30 PM,08:30 PM,623 CAD,Qatar Airways,Dubai,London
08:47 AM,05:47 PM,1133 CAD,Lufthansa,Dubai,London
06:26 PM,02:26 AM,264 CAD,Delta Airlines,Dubai,London
07:55 AM,06:55 PM,1220 CAD,Air Canada,Dubai,London
04:41 PM,11:41 PM,721 CAD,United Airlines,Dubai,London
10:39 AM,12:39 PM,839 CAD,United Airlines,Dubai,London
08:13 AM,06:13 PM,433 CAD,Qatar Airways,Dubai,London
09:46 PM,06:46 AM,666 CAD,Emirates,Dubai,London
07:05 PM,09:05 PM,1108 CAD,Qatar Airways,Dubai,London
06:01 AM,02:01 PM,1064 CAD,Lufthansa,Dubai,London
01:05 PM,06:05 PM,515 CAD,Qatar Airways,Dubai,London
10:15 AM,08:15 PM,848 CAD,United Airlines,Dubai,London
09:18 PM,10:18 PM,1400 CAD,American Airlines,Dubai,London
09:25 PM,10:25 PM,965 CAD,United Airlines,Dubai,London
05:05 PM,07:05 PM,1056 CAD,Emirates,Dubai,London
08:08 AM,06:08 PM,1013 CAD,Delta Airlines,Dubai,New York
